,Count,Name,AverageWindSpeed,AverageTemp,SnowFall,Precipitation,Thunder,Smoke,MinTemp,MaxTemp
2017-01-01,139,"CHICAGO OHARE INTERNATIONAL AIRPORT, IL US",4.92,27,0.0,0.0,0.0,0.0,17,40
2017-01-02,113,"CHICAGO OHARE INTERNATIONAL AIRPORT, IL US",6.26,34,0.0,0.11,0.0,1.0,25,40
2017-01-03,139,"CHICAGO OHARE INTERNATIONAL AIRPORT, IL US",10.07,38,0.0,0.0,0.0,0.0,19,39
2017-01-04,102,"CHICAGO OHARE INTERNATIONAL AIRPORT, IL US",17.0,18,0.0,0.0,0.0,0.0,7,19
2017-01-05,126,"CHICAGO OHARE INTERNATIONAL AIRPORT, IL US",12.75,9,0.0,0.0,0.0,0.0,3,13
2017-01-06,137,"CHICAGO OHARE INTERNATIONAL AIRPORT, IL US",10.07,4,0.0,0.0,0.0,0.0,0,9
2017-01-07,123,"CHICAGO OHARE INTERNATIONAL AIRPORT, IL US",10.74,6,0.0,0.0,0.0,0.0,0,18
2017-01-08,127,"CHICAGO OHARE INTERNATIONAL AIRPORT, IL US",9.62,9,0.0,0.0,0.0,0.0,2,19
2017-01-09,150,"CHICAGO OHARE INTERNATIONAL AIRPORT, IL US",12.97,22,0.2,0.02,0.0,0.0,19,33
2017-01-10,177,"CHICAGO OHARE INTERNATIONAL AIRPORT, IL US",23.26,38,0.0,0.2,0.0,1.0,25,51
2017-01-11,154,"CHICAGO OHARE INTERNATIONAL AIRPORT, IL US",12.08,32,0.0,0.33,1.0,0.0,25,43
2017-01-12,182,"CHICAGO OHARE INTERNATIONAL AIRPORT, IL US",11.18,26,0.2,0.05,0.0,0.0,19,28
2017-01-13,247,"CHICAGO OHARE INTERNATIONAL AIRPORT, IL US",8.95,20,0.0,0.0,0.0,0.0,16,27
2017-01-14,141,"CHICAGO OHARE INTERNATIONAL AIRPORT, IL US",4.7,29,0.0,0.0,0.0,0.0,21,35
2017-01-15,115,"CHICAGO OHARE INTERNATIONAL AIRPORT, IL US",2.24,26,0.0,0.0,0.0,1.0,20,36
2017-01-16,128,"CHICAGO OHARE INTERNATIONAL AIRPORT, IL US",5.82,33,0.0,0.9,0.0,1.0,30,37
2017-01-17,151,"CHICAGO OHARE INTERNATIONAL AIRPORT, IL US",9.62,37,0.0,0.48,1.0,0.0,35,39
2017-01-18,141,"CHICAGO OHARE INTERNATIONAL AIRPORT, IL US",9.62,35,0.0,0.0,0.0,0.0,30,36
2017-01-19,182,"CHICAGO OHARE INTERNATIONAL AIRPORT, IL US",6.71,36,0.0,0.46,0.0,1.0,30,42
2017-01-20,157,"CHICAGO OHARE INTERNATIONAL AIRPORT, IL US",5.82,39,0.0,0.18,0.0,0.0,38,43
2017-01-21,169,"CHICAGO OHARE INTERNATIONAL AIRPORT, IL US",8.5,48,0.0,0.0,0.0,0.0,40,59
2017-01-22,106,"CHICAGO OHARE INTERNATIONAL AIRPORT, IL US",5.37,43,0.0,0.01,0.0,0.0,38,46
2017-01-23,133,"CHICAGO OHARE INTERNATIONAL AIRPORT, IL US",9.4,39,0.0,0.0,0.0,0.0,36,42
2017-01-24,124,"CHICAGO OHARE INTERNATIONAL AIRPORT, IL US",7.16,37,0.0,0.0,0.0,1.0,34,38
2017-01-25,159,"CHICAGO OHARE INTERNATIONAL AIRPORT, IL US",11.41,37,0.0,0.09,0.0,1.0,34,42
2017-01-26,143,"CHICAGO OHARE INTERNATIONAL AIRPORT, IL US",13.42,33,0.0,0.0,0.0,0.0,30,34
2017-01-27,136,"CHICAGO OHARE INTERNATIONAL AIRPORT, IL US",14.76,28,0.0,0.0,0.0,0.0,24,31
2017-01-28,118,"CHICAGO OHARE INTERNATIONAL AIRPORT, IL US",11.63,27,0.0,0.0,0.0,1.0,24,29
2017-01-29,93,"CHICAGO OHARE INTERNATIONAL AIRPORT, IL US",10.51,27,0.1,0.0,0.0,0.0,21,28
2017-01-30,123,"CHICAGO OHARE INTERNATIONAL AIRPORT, IL US",10.07,22,0.1,0.01,0.0,0.0,15,37
2017-01-31,132,"CHICAGO OHARE INTERNATIONAL AIRPORT, IL US",15.66,36,0.0,0.03,0.0,0.0,35,39
2017-02-01,141,"CHICAGO OHARE INTERNATIONAL AIRPORT, IL US",12.3,35,0.0,0.0,0.0,0.0,21,38
2017-02-02,156,"CHICAGO OHARE INTERNATIONAL AIRPORT, IL US",13.42,21,0.0,0.0,0.0,0.0,14,24
2017-02-03,172,"CHICAGO OHARE INTERNATIONAL AIRPORT, IL US",10.51,19,0.0,0.0,0.0,0.0,14,28
2017-02-04,128,"CHICAGO OHARE INTERNATIONAL AIRPORT, IL US",12.53,22,0.0,0.0,0.0,0.0,10,33
2017-02-05,108,"CHICAGO OHARE INTERNATIONAL AIRPORT, IL US",8.72,33,0.0,0.0,0.0,0.0,24,38
2017-02-06,135,"CHICAGO OHARE INTERNATIONAL AIRPORT, IL US",6.93,33,0.0,0.0,0.0,1.0,21,55
2017-02-07,177,"CHICAGO OHARE INTERNATIONAL AIRPORT, IL US",10.51,44,0.0,0.47,1.0,0.0,32,50
2017-02-08,117,"CHICAGO OHARE INTERNATIONAL AIRPORT, IL US",11.18,31,0.0,0.0,0.0,0.0,19,32
2017-02-09,144,"CHICAGO OHARE INTERNATIONAL AIRPORT, IL US",11.63,19,0.0,0.0,0.0,0.0,13,25
2017-02-10,198,"CHICAGO OHARE INTERNATIONAL AIRPORT, IL US",13.65,26,0.0,0.0,0.0,0.0,18,41
2017-02-11,147,"CHICAGO OHARE INTERNATIONAL AIRPORT, IL US",6.71,41,0.0,0.0,0.0,1.0,34,49
2017-02-12,124,"CHICAGO OHARE INTERNATIONAL AIRPORT, IL US",15.88,39,0.0,0.0,0.0,0.0,31,47
2017-02-13,148,"CHICAGO OHARE INTERNATIONAL AIRPORT, IL US",10.29,35,0.0,0.0,0.0,0.0,25,44
2017-02-14,177,"CHICAGO OHARE INTERNATIONAL AIRPORT, IL US",14.09,40,0.0,0.0,0.0,0.0,31,50
2017-02-15,134,"CHICAGO OHARE INTERNATIONAL AIRPORT, IL US",11.18,33,0.0,0.0,0.0,0.0,26,35
2017-02-16,128,"CHICAGO OHARE INTERNATIONAL AIRPORT, IL US",8.95,33,0.0,0.0,0.0,0.0,30,41
2017-02-17,171,"CHICAGO OHARE INTERNATIONAL AIRPORT, IL US",8.05,43,0.0,0.0,0.0,0.0,27,67
2017-02-18,145,"CHICAGO OHARE INTERNATIONAL AIRPORT, IL US",6.93,58,0.0,0.0,0.0,0.0,40,70
2017-02-19,137,"CHICAGO OHARE INTERNATIONAL AIRPORT, IL US",3.8,51,0.0,0.0,0.0,0.0,35,69
2017-02-20,103,"CHICAGO OHARE INTERNATIONAL AIRPORT, IL US",12.3,53,0.0,0.0,0.0,1.0,41,70
2017-02-21,173,"CHICAGO OHARE INTERNATIONAL AIRPORT, IL US",6.49,60,0.0,0.04,0.0,1.0,49,66
2017-02-22,138,"CHICAGO OHARE INTERNATIONAL AIRPORT, IL US",11.86,58,0.0,0.0,0.0,1.0,50,68
2017-02-23,176,"CHICAGO OHARE INTERNATIONAL AIRPORT, IL US",12.53,52,0.0,0.21,0.0,0.0,38,59
2017-02-24,174,"CHICAGO OHARE INTERNATIONAL AIRPORT, IL US",12.53,39,0.0,0.15,1.0,0.0,33,40
2017-02-25,139,"CHICAGO OHARE INTERNATIONAL AIRPORT, IL US",13.87,29,0.0,0.0,0.0,0.0,23,33
2017-02-26,111,"CHICAGO OHARE INTERNATIONAL AIRPORT, IL US",13.87,32,0.0,0.0,0.0,0.0,21,49
2017-02-27,138,"CHICAGO OHARE INTERNATIONAL AIRPORT, IL US",7.38,41,0.0,0.0,0.0,0.0,27,54
2017-02-28,177,"CHICAGO OHARE INTERNATIONAL AIRPORT, IL US",13.65,51,0.0,0.65,1.0,1.0,47,60
2017-03-01,201,"CHICAGO OHARE INTERNATIONAL AIRPORT, IL US",14.09,47,0.0,0.12,0.0,0.0,32,54
2017-03-02,132,"CHICAGO OHARE INTERNATIONAL AIRPORT, IL US",10.96,32,0.0,0.0,0.0,0.0,27,35
2017-03-03,182,"CHICAGO OHARE INTERNATIONAL AIRPORT, IL US",10.29,27,0.0,0.0,0.0,0.0,21,33
2017-03-04,151,"CHICAGO OHARE INTERNATIONAL AIRPORT, IL US",14.54,33,0.1,0.01,0.0,1.0,28,42
2017-03-05,100,"CHICAGO OHARE INTERNATIONAL AIRPORT, IL US",14.54,41,0.0,0.0,0.0,0.0,32,60
2017-03-06,152,"CHICAGO OHARE INTERNATIONAL AIRPORT, IL US",21.03,55,0.0,0.0,0.0,0.0,52,65
2017-03-07,172,"CHICAGO OHARE INTERNATIONAL AIRPORT, IL US",19.24,55,0.0,0.24,1.0,0.0,44,65
2017-03-08,184,"CHICAGO OHARE INTERNATIONAL AIRPORT, IL US",22.15,46,0.0,0.0,0.0,0.0,40,53
2017-03-09,137,"CHICAGO OHARE INTERNATIONAL AIRPORT, IL US",6.93,39,0.0,0.0,0.0,0.0,29,42
2017-03-10,218,"CHICAGO OHARE INTERNATIONAL AIRPORT, IL US",14.54,32,0.0,0.0,0.0,0.0,23,36
2017-03-11,188,"CHICAGO OHARE INTERNATIONAL AIRPORT, IL US",8.5,24,0.0,0.0,0.0,0.0,18,32
2017-03-12,102,"CHICAGO OHARE INTERNATIONAL AIRPORT, IL US",6.93,26,0.4,0.05,0.0,0.0,18,36
2017-03-13,186,"CHICAGO OHARE INTERNATIONAL AIRPORT, IL US",10.51,29,3.9,0.24,1.0,1.0,27,31
2017-03-14,257,"CHICAGO OHARE INTERNATIONAL AIRPORT, IL US",14.09,25,3.4,0.19,0.0,1.0,19,28
2017-03-15,197,"CHICAGO OHARE INTERNATIONAL AIRPORT, IL US",11.41,24,0.0,0.0,0.0,0.0,16,33
2017-03-16,157,"CHICAGO OHARE INTERNATIONAL AIRPORT, IL US",6.49,29,0.0,0.0,0.0,1.0,18,42
2017-03-17,198,"CHICAGO OHARE INTERNATIONAL AIRPORT, IL US",10.29,38,0.0,0.03,0.0,1.0,36,50
2017-03-18,150,"CHICAGO OHARE INTERNATIONAL AIRPORT, IL US",12.97,42,0.0,0.0,0.0,0.0,32,45
2017-03-19,116,"CHICAGO OHARE INTERNATIONAL AIRPORT, IL US",8.5,41,0.0,0.0,0.0,0.0,29,53
2017-03-20,153,"CHICAGO OHARE INTERNATIONAL AIRPORT, IL US",8.28,49,0.0,0.13,1.0,1.0,37,54
2017-03-21,157,"CHICAGO OHARE INTERNATIONAL AIRPORT, IL US",12.3,44,0.0,0.0,0.0,0.0,33,54
2017-03-22,154,"CHICAGO OHARE INTERNATIONAL AIRPORT, IL US",11.86,33,0.0,0.0,0.0,0.0,28,37
2017-03-23,163,"CHICAGO OHARE INTERNATIONAL AIRPORT, IL US",12.75,37,0.0,0.02,1.0,0.0,29,50
2017-03-24,207,"CHICAGO OHARE INTERNATIONAL AIRPORT, IL US",15.66,58,0.0,0.0,1.0,0.0,42,82
2017-03-25,191,"CHICAGO OHARE INTERNATIONAL AIRPORT, IL US",11.63,43,0.0,0.71,0.0,0.0,41,47
2017-03-26,115,"CHICAGO OHARE INTERNATIONAL AIRPORT, IL US",7.61,51,0.0,0.3,0.0,1.0,47,62
2017-03-27,139,"CHICAGO OHARE INTERNATIONAL AIRPORT, IL US",7.38,50,0.0,0.0,0.0,1.0,42,52
2017-03-28,129,"CHICAGO OHARE INTERNATIONAL AIRPORT, IL US",10.51,44,0.0,0.0,0.0,0.0,36,50
2017-03-29,154,"CHICAGO OHARE INTERNATIONAL AIRPORT, IL US",11.86,41,0.0,0.11,0.0,0.0,35,49
2017-03-30,177,"CHICAGO OHARE INTERNATIONAL AIRPORT, IL US",14.54,43,0.0,1.84,1.0,0.0,39,45
2017-03-31,188,"CHICAGO OHARE INTERNATIONAL AIRPORT, IL US",14.54,39,0.0,0.02,0.0,0.0,36,44
2017-04-01,183,"CHICAGO OHARE INTERNATIONAL AIRPORT, IL US",5.82,45,0.0,0.0,0.0,0.0,34,59
2017-04-02,121,"CHICAGO OHARE INTERNATIONAL AIRPORT, IL US",6.04,50,0.0,0.0,0.0,0.0,42,61
2017-04-03,187,"CHICAGO OHARE INTERNATIONAL AIRPORT, IL US",8.5,50,0.0,0.19,0.0,0.0,46,54
2017-04-04,161,"CHICAGO OHARE INTERNATIONAL AIRPORT, IL US",8.72,49,0.0,0.02,0.0,1.0,43,56
2017-04-05,192,"CHICAGO OHARE INTERNATIONAL AIRPORT, IL US",18.12,45,0.0,1.04,0.0,0.0,40,47
2017-04-06,192,"CHICAGO OHARE INTERNATIONAL AIRPORT, IL US",17.0,43,0.0,0.29,0.0,0.0,38,51
2017-04-07,179,"CHICAGO OHARE INTERNATIONAL AIRPORT, IL US",10.96,44,0.0,0.0,0.0,0.0,37,54
2017-04-08,161,"CHICAGO OHARE INTERNATIONAL AIRPORT, IL US",13.87,50,0.0,0.0,0.0,0.0,37,68
2017-04-09,133,"CHICAGO OHARE INTERNATIONAL AIRPORT, IL US",18.79,64,0.0,0.0,0.0,0.0,57,77
2017-04-10,178,"CHICAGO OHARE INTERNATIONAL AIRPORT, IL US",13.87,69,0.0,0.32,1.0,0.0,41,78
2017-04-11,118,"CHICAGO OHARE INTERNATIONAL AIRPORT, IL US",9.4,47,0.0,0.0,0.0,0.0,41,54
2017-04-12,138,"CHICAGO OHARE INTERNATIONAL AIRPORT, IL US",7.16,48,0.0,0.0,0.0,0.0,38,59
2017-04-13,139,"CHICAGO OHARE INTERNATIONAL AIRPORT, IL US",9.17,50,0.0,0.19,0.0,0.0,44,60
2017-04-14,182,"CHICAGO OHARE INTERNATIONAL AIRPORT, IL US",9.4,54,0.0,0.06,0.0,0.0,47,66
2017-04-15,196,"CHICAGO OHARE INTERNATIONAL AIRPORT, IL US",16.11,70,0.0,0.09,1.0,0.0,61,82
2017-04-16,131,"CHICAGO OHARE INTERNATIONAL AIRPORT, IL US",11.63,68,0.0,0.59,1.0,0.0,52,73
2017-04-17,178,"CHICAGO OHARE INTERNATIONAL AIRPORT, IL US",6.93,59,0.0,0.0,0.0,0.0,44,69
2017-04-18,182,"CHICAGO OHARE INTERNATIONAL AIRPORT, IL US",11.41,55,0.0,0.0,0.0,0.0,41,76
2017-04-19,130,"CHICAGO OHARE INTERNATIONAL AIRPORT, IL US",9.62,65,0.0,0.01,1.0,0.0,45,70
2017-04-20,157,"CHICAGO OHARE INTERNATIONAL AIRPORT, IL US",14.99,56,0.0,0.0,0.0,0.0,48,73
2017-04-21,199,"CHICAGO OHARE INTERNATIONAL AIRPORT, IL US",12.53,50,0.0,0.0,0.0,0.0,44,53
2017-04-22,163,"CHICAGO OHARE INTERNATIONAL AIRPORT, IL US",8.5,50,0.0,0.0,0.0,0.0,38,60
2017-04-23,139,"CHICAGO OHARE INTERNATIONAL AIRPORT, IL US",5.82,54,0.0,0.0,0.0,0.0,37,72
2017-04-24,168,"CHICAGO OHARE INTERNATIONAL AIRPORT, IL US",7.61,55,0.0,0.0,0.0,0.0,40,73
2017-04-25,185,"CHICAGO OHARE INTERNATIONAL AIRPORT, IL US",12.08,64,0.0,0.0,0.0,0.0,52,79
2017-04-26,184,"CHICAGO OHARE INTERNATIONAL AIRPORT, IL US",11.41,69,0.0,0.22,0.0,0.0,60,74
2017-04-27,175,"CHICAGO OHARE INTERNATIONAL AIRPORT, IL US",15.88,54,0.0,0.14,0.0,0.0,41,62
2017-04-28,189,"CHICAGO OHARE INTERNATIONAL AIRPORT, IL US",7.61,48,0.0,0.0,0.0,0.0,40,60
2017-04-29,236,"CHICAGO OHARE INTERNATIONAL AIRPORT, IL US",18.79,45,0.0,1.95,1.0,0.0,40,46
2017-04-30,150,"CHICAGO OHARE INTERNATIONAL AIRPORT, IL US",13.42,44,0.0,1.32,1.0,0.0,42,47
2017-05-01,206,"CHICAGO OHARE INTERNATIONAL AIRPORT, IL US",14.76,50,0.0,0.09,0.0,0.0,45,57
2017-05-02,182,"CHICAGO OHARE INTERNATIONAL AIRPORT, IL US",14.76,46,0.0,0.01,0.0,0.0,41,51
2017-05-03,189,"CHICAGO OHARE INTERNATIONAL AIRPORT, IL US",6.04,48,0.0,0.0,0.0,0.0,35,56
2017-05-04,190,"CHICAGO OHARE INTERNATIONAL AIRPORT, IL US",11.18,49,0.0,0.0,0.0,0.0,43,54
2017-05-05,206,"CHICAGO OHARE INTERNATIONAL AIRPORT, IL US",13.42,49,0.0,0.0,0.0,0.0,41,61
2017-05-06,183,"CHICAGO OHARE INTERNATIONAL AIRPORT, IL US",12.53,51,0.0,0.11,0.0,0.0,44,58
2017-05-07,148,"CHICAGO OHARE INTERNATIONAL AIRPORT, IL US",8.5,48,0.0,0.0,0.0,0.0,36,59
2017-05-08,171,"CHICAGO OHARE INTERNATIONAL AIRPORT, IL US",6.93,46,0.0,0.02,0.0,1.0,34,57
2017-05-09,173,"CHICAGO OHARE INTERNATIONAL AIRPORT, IL US",6.71,48,0.0,0.13,0.0,0.0,42,61
2017-05-10,202,"CHICAGO OHARE INTERNATIONAL AIRPORT, IL US",7.61,55,0.0,0.87,1.0,0.0,44,67
2017-05-11,208,"CHICAGO OHARE INTERNATIONAL AIRPORT, IL US",9.17,55,0.0,0.0,0.0,0.0,49,65
2017-05-12,214,"CHICAGO OHARE INTERNATIONAL AIRPORT, IL US",6.04,59,0.0,0.0,0.0,1.0,45,73
2017-05-13,188,"CHICAGO OHARE INTERNATIONAL AIRPORT, IL US",8.72,62,0.0,0.0,0.0,0.0,47,82
2017-05-14,161,"CHICAGO OHARE INTERNATIONAL AIRPORT, IL US",7.83,62,0.0,0.0,0.0,0.0,51,71
2017-05-15,186,"CHICAGO OHARE INTERNATIONAL AIRPORT, IL US",8.95,62,0.0,0.02,1.0,0.0,50,82
2017-05-16,201,"CHICAGO OHARE INTERNATIONAL AIRPORT, IL US",14.54,74,0.0,0.0,0.0,0.0,61,87
2017-05-17,207,"CHICAGO OHARE INTERNATIONAL AIRPORT, IL US",20.13,78,0.0,0.37,1.0,1.0,62,84
2017-05-18,240,"CHICAGO OHARE INTERNATIONAL AIRPORT, IL US",19.01,74,0.0,0.0,1.0,0.0,48,78
2017-05-19,259,"CHICAGO OHARE INTERNATIONAL AIRPORT, IL US",16.11,48,0.0,0.23,0.0,0.0,43,50
2017-05-20,166,"CHICAGO OHARE INTERNATIONAL AIRPORT, IL US",10.51,51,0.0,0.34,1.0,0.0,48,64
2017-05-21,135,"CHICAGO OHARE INTERNATIONAL AIRPORT, IL US",12.75,61,0.0,0.05,1.0,0.0,51,65
2017-05-22,199,"CHICAGO OHARE INTERNATIONAL AIRPORT, IL US",12.75,58,0.0,0.01,0.0,0.0,48,73
2017-05-23,202,"CHICAGO OHARE INTERNATIONAL AIRPORT, IL US",6.71,61,0.0,0.33,0.0,0.0,55,62
2017-05-24,182,"CHICAGO OHARE INTERNATIONAL AIRPORT, IL US",14.09,57,0.0,0.17,0.0,0.0,53,62
2017-05-25,171,"CHICAGO OHARE INTERNATIONAL AIRPORT, IL US",8.72,59,0.0,0.0,0.0,0.0,52,69
2017-05-26,212,"CHICAGO OHARE INTERNATIONAL AIRPORT, IL US",7.61,60,0.0,0.53,0.0,0.0,52,71
2017-05-27,194,"CHICAGO OHARE INTERNATIONAL AIRPORT, IL US",5.37,62,0.0,0.0,0.0,0.0,52,78
2017-05-28,141,"CHICAGO OHARE INTERNATIONAL AIRPORT, IL US",6.93,68,0.0,0.0,1.0,1.0,56,77
2017-05-29,150,"CHICAGO OHARE INTERNATIONAL AIRPORT, IL US",11.63,69,0.0,0.0,0.0,0.0,55,77
2017-05-30,191,"CHICAGO OHARE INTERNATIONAL AIRPORT, IL US",11.63,64,0.0,0.0,0.0,0.0,54,74
2017-05-31,188,"CHICAGO OHARE INTERNATIONAL AIRPORT, IL US",10.51,64,0.0,0.0,0.0,0.0,52,74
2017-06-01,255,"CHICAGO OHARE INTERNATIONAL AIRPORT, IL US",4.7,66,0.0,0.0,0.0,0.0,51,81
2017-06-02,236,"CHICAGO OHARE INTERNATIONAL AIRPORT, IL US",5.37,71,0.0,0.0,0.0,1.0,53,86
2017-06-03,198,"CHICAGO OHARE INTERNATIONAL AIRPORT, IL US",6.04,73,0.0,0.0,0.0,1.0,57,84
2017-06-04,161,"CHICAGO OHARE INTERNATIONAL AIRPORT, IL US",8.5,80,0.0,0.0,0.0,0.0,66,92
2017-06-05,224,"CHICAGO OHARE INTERNATIONAL AIRPORT, IL US",14.09,70,0.0,0.0,0.0,1.0,59,75
2017-06-06,214,"CHICAGO OHARE INTERNATIONAL AIRPORT, IL US",13.87,65,0.0,0.0,0.0,0.0,54,76
2017-06-07,213,"CHICAGO OHARE INTERNATIONAL AIRPORT, IL US",8.05,67,0.0,0.0,0.0,0.0,56,77
2017-06-08,215,"CHICAGO OHARE INTERNATIONAL AIRPORT, IL US",4.25,69,0.0,0.06,1.0,1.0,53,83
2017-06-09,240,"CHICAGO OHARE INTERNATIONAL AIRPORT, IL US",8.95,74,0.0,0.0,0.0,0.0,65,87
2017-06-10,277,"CHICAGO OHARE INTERNATIONAL AIRPORT, IL US",14.09,76,0.0,0.0,0.0,0.0,64,90
2017-06-11,180,"CHICAGO OHARE INTERNATIONAL AIRPORT, IL US",14.99,82,0.0,0.0,0.0,0.0,73,93
2017-06-12,231,"CHICAGO OHARE INTERNATIONAL AIRPORT, IL US",11.63,85,0.0,0.0,0.0,0.0,73,95
2017-06-13,196,"CHICAGO OHARE INTERNATIONAL AIRPORT, IL US",6.93,80,0.0,0.0,1.0,0.0,68,88
2017-06-14,240,"CHICAGO OHARE INTERNATIONAL AIRPORT, IL US",9.84,77,0.0,0.59,1.0,1.0,68,92
2017-06-15,206,"CHICAGO OHARE INTERNATIONAL AIRPORT, IL US",7.83,76,0.0,0.07,1.0,0.0,68,91
2017-06-16,223,"CHICAGO OHARE INTERNATIONAL AIRPORT, IL US",10.29,77,0.0,0.22,1.0,0.0,67,86
2017-06-17,207,"CHICAGO OHARE INTERNATIONAL AIRPORT, IL US",8.5,78,0.0,0.42,1.0,0.0,69,87
2017-06-18,178,"CHICAGO OHARE INTERNATIONAL AIRPORT, IL US",13.65,74,0.0,0.0,0.0,0.0,69,79
2017-06-19,207,"CHICAGO OHARE INTERNATIONAL AIRPORT, IL US",10.07,70,0.0,0.03,1.0,0.0,62,80
2017-06-20,173,"CHICAGO OHARE INTERNATIONAL AIRPORT, IL US",9.62,67,0.0,0.0,0.0,0.0,58,80
2017-06-21,177,"CHICAGO OHARE INTERNATIONAL AIRPORT, IL US",7.16,68,0.0,0.0,0.0,0.0,55,80
2017-06-22,188,"CHICAGO OHARE INTERNATIONAL AIRPORT, IL US",14.54,78,0.0,0.0,0.0,0.0,68,88
2017-06-23,231,"CHICAGO OHARE INTERNATIONAL AIRPORT, IL US",12.3,77,0.0,0.71,1.0,0.0,66,83
2017-06-24,177,"CHICAGO OHARE INTERNATIONAL AIRPORT, IL US",12.3,70,0.0,0.02,0.0,0.0,59,75
2017-06-25,160,"CHICAGO OHARE INTERNATIONAL AIRPORT, IL US",12.75,64,0.0,0.0,0.0,0.0,54,72
2017-06-26,195,"CHICAGO OHARE INTERNATIONAL AIRPORT, IL US",12.3,64,0.0,0.0,0.0,0.0,54,75
2017-06-27,191,"CHICAGO OHARE INTERNATIONAL AIRPORT, IL US",6.71,65,0.0,0.0,0.0,0.0,50,78
2017-06-28,184,"CHICAGO OHARE INTERNATIONAL AIRPORT, IL US",15.21,68,0.0,1.3,1.0,0.0,58,80
2017-06-29,217,"CHICAGO OHARE INTERNATIONAL AIRPORT, IL US",11.41,74,0.0,0.02,0.0,0.0,66,81
2017-06-30,218,"CHICAGO OHARE INTERNATIONAL AIRPORT, IL US",6.49,73,0.0,0.0,0.0,0.0,64,84
2017-07-01,223,"CHICAGO OHARE INTERNATIONAL AIRPORT, IL US",10.51,75,0.0,0.0,0.0,0.0,66,82
2017-07-02,163,"CHICAGO OHARE INTERNATIONAL AIRPORT, IL US",9.62,74,0.0,0.0,0.0,0.0,62,89
2017-07-03,186,"CHICAGO OHARE INTERNATIONAL AIRPORT, IL US",8.72,73,0.0,0.04,0.0,0.0,66,80
2017-07-04,188,"CHICAGO OHARE INTERNATIONAL AIRPORT, IL US",7.38,72,0.0,0.0,0.0,1.0,64,83
2017-07-05,202,"CHICAGO OHARE INTERNATIONAL AIRPORT, IL US",5.82,76,0.0,0.0,1.0,1.0,65,89
2017-07-06,220,"CHICAGO OHARE INTERNATIONAL AIRPORT, IL US",7.16,81,0.0,0.0,0.0,1.0,69,93
2017-07-07,243,"CHICAGO OHARE INTERNATIONAL AIRPORT, IL US",8.5,81,0.0,0.0,1.0,0.0,63,89
2017-07-08,203,"CHICAGO OHARE INTERNATIONAL AIRPORT, IL US",6.71,71,0.0,0.0,0.0,0.0,62,80
2017-07-09,158,"CHICAGO OHARE INTERNATIONAL AIRPORT, IL US",8.28,73,0.0,0.0,0.0,0.0,63,86
2017-07-10,201,"CHICAGO OHARE INTERNATIONAL AIRPORT, IL US",6.71,77,0.0,0.73,1.0,0.0,67,84
2017-07-11,200,"CHICAGO OHARE INTERNATIONAL AIRPORT, IL US",5.59,76,0.0,0.56,1.0,1.0,70,85
2017-07-12,212,"CHICAGO OHARE INTERNATIONAL AIRPORT, IL US",10.51,75,0.0,1.77,1.0,1.0,68,81
2017-07-13,204,"CHICAGO OHARE INTERNATIONAL AIRPORT, IL US",10.51,78,0.0,0.0,0.0,0.0,72,83
2017-07-14,213,"CHICAGO OHARE INTERNATIONAL AIRPORT, IL US",8.72,71,0.0,0.0,0.0,0.0,63,73
2017-07-15,204,"CHICAGO OHARE INTERNATIONAL AIRPORT, IL US",5.82,70,0.0,0.0,0.0,0.0,60,81
2017-07-16,159,"CHICAGO OHARE INTERNATIONAL AIRPORT, IL US",11.63,72,0.0,0.0,0.0,0.0,60,78
2017-07-17,241,"CHICAGO OHARE INTERNATIONAL AIRPORT, IL US",6.26,67,0.0,0.0,0.0,0.0,56,79
2017-07-18,218,"CHICAGO OHARE INTERNATIONAL AIRPORT, IL US",4.03,74,0.0,0.0,0.0,1.0,60,89
2017-07-19,219,"CHICAGO OHARE INTERNATIONAL AIRPORT, IL US",7.61,80,0.0,0.48,1.0,1.0,70,88
2017-07-20,245,"CHICAGO OHARE INTERNATIONAL AIRPORT, IL US",7.83,77,0.0,1.77,1.0,0.0,69,88
2017-07-21,284,"CHICAGO OHARE INTERNATIONAL AIRPORT, IL US",6.93,80,0.0,1.43,1.0,0.0,72,89
2017-07-22,241,"CHICAGO OHARE INTERNATIONAL AIRPORT, IL US",8.5,77,0.0,0.66,1.0,0.0,72,88
2017-07-23,211,"CHICAGO OHARE INTERNATIONAL AIRPORT, IL US",5.82,79,0.0,0.21,1.0,0.0,70,90
2017-07-24,215,"CHICAGO OHARE INTERNATIONAL AIRPORT, IL US",10.96,71,0.0,0.0,0.0,0.0,66,74
2017-07-25,233,"CHICAGO OHARE INTERNATIONAL AIRPORT, IL US",8.05,71,0.0,0.0,0.0,0.0,61,82
2017-07-26,225,"CHICAGO OHARE INTERNATIONAL AIRPORT, IL US",7.16,75,0.0,0.03,0.0,1.0,65,85
2017-07-27,257,"CHICAGO OHARE INTERNATIONAL AIRPORT, IL US",11.18,78,0.0,0.0,0.0,1.0,70,82
2017-07-28,254,"CHICAGO OHARE INTERNATIONAL AIRPORT, IL US",13.87,74,0.0,0.0,0.0,0.0,67,79
2017-07-29,274,"CHICAGO OHARE INTERNATIONAL AIRPORT, IL US",9.84,72,0.0,0.0,0.0,0.0,64,79
2017-07-30,202,"CHICAGO OHARE INTERNATIONAL AIRPORT, IL US",5.14,73,0.0,0.0,0.0,0.0,62,84
2017-07-31,271,"CHICAGO OHARE INTERNATIONAL AIRPORT, IL US",2.91,76,0.0,0.0,0.0,1.0,65,86
2017-08-01,281,"CHICAGO OHARE INTERNATIONAL AIRPORT, IL US",5.37,76,0.0,0.92,1.0,1.0,67,86
2017-08-02,261,"CHICAGO OHARE INTERNATIONAL AIRPORT, IL US",6.93,77,0.0,0.0,1.0,0.0,66,87
2017-08-03,253,"CHICAGO OHARE INTERNATIONAL AIRPORT, IL US",9.17,75,0.0,0.88,1.0,1.0,61,84
2017-08-04,235,"CHICAGO OHARE INTERNATIONAL AIRPORT, IL US",13.87,63,0.0,0.0,0.0,0.0,56,68
2017-08-05,253,"CHICAGO OHARE INTERNATIONAL AIRPORT, IL US",7.38,68,0.0,0.0,0.0,0.0,60,80
2017-08-06,219,"CHICAGO OHARE INTERNATIONAL AIRPORT, IL US",4.03,71,0.0,0.0,0.0,0.0,63,77
2017-08-07,224,"CHICAGO OHARE INTERNATIONAL AIRPORT, IL US",7.83,69,0.0,0.0,0.0,0.0,61,76
2017-08-08,238,"CHICAGO OHARE INTERNATIONAL AIRPORT, IL US",5.59,70,0.0,0.0,0.0,0.0,58,84
2017-08-09,238,"CHICAGO OHARE INTERNATIONAL AIRPORT, IL US",5.14,73,0.0,0.0,0.0,0.0,61,83
2017-08-10,229,"CHICAGO OHARE INTERNATIONAL AIRPORT, IL US",8.28,74,0.0,0.03,1.0,1.0,62,84
2017-08-11,253,"CHICAGO OHARE INTERNATIONAL AIRPORT, IL US",9.4,71,0.0,0.0,0.0,0.0,65,78
2017-08-12,276,"CHICAGO OHARE INTERNATIONAL AIRPORT, IL US",7.38,68,0.0,0.0,0.0,0.0,60,77
2017-08-13,209,"CHICAGO OHARE INTERNATIONAL AIRPORT, IL US",4.03,69,0.0,0.0,0.0,0.0,57,80
2017-08-14,221,"CHICAGO OHARE INTERNATIONAL AIRPORT, IL US",4.25,72,0.0,0.0,0.0,1.0,62,83
2017-08-15,258,"CHICAGO OHARE INTERNATIONAL AIRPORT, IL US",7.61,75,0.0,0.0,0.0,0.0,68,84
2017-08-16,274,"CHICAGO OHARE INTERNATIONAL AIRPORT, IL US",8.05,75,0.0,0.17,1.0,1.0,67,88
2017-08-17,275,"CHICAGO OHARE INTERNATIONAL AIRPORT, IL US",14.32,77,0.0,0.02,0.0,0.0,72,82
2017-08-18,278,"CHICAGO OHARE INTERNATIONAL AIRPORT, IL US",10.96,74,0.0,0.0,0.0,0.0,67,82
2017-08-19,249,"CHICAGO OHARE INTERNATIONAL AIRPORT, IL US",4.92,74,0.0,0.0,0.0,0.0,63,86
2017-08-20,207,"CHICAGO OHARE INTERNATIONAL AIRPORT, IL US",5.82,75,0.0,0.0,1.0,0.0,63,90
2017-08-21,240,"CHICAGO OHARE INTERNATIONAL AIRPORT, IL US",8.5,78,0.0,0.03,1.0,1.0,71,87
2017-08-22,260,"CHICAGO OHARE INTERNATIONAL AIRPORT, IL US",13.42,76,0.0,0.02,0.0,0.0,64,82
2017-08-23,255,"CHICAGO OHARE INTERNATIONAL AIRPORT, IL US",9.17,70,0.0,0.0,0.0,0.0,60,79
2017-08-24,226,"CHICAGO OHARE INTERNATIONAL AIRPORT, IL US",8.5,67,0.0,0.0,0.0,0.0,56,75
2017-08-25,299,"CHICAGO OHARE INTERNATIONAL AIRPORT, IL US",5.37,64,0.0,0.0,0.0,1.0,52,74
2017-08-26,233,"CHICAGO OHARE INTERNATIONAL AIRPORT, IL US",7.16,67,0.0,0.0,0.0,1.0,56,78
2017-08-27,211,"CHICAGO OHARE INTERNATIONAL AIRPORT, IL US",8.5,68,0.0,0.01,1.0,0.0,62,78
2017-08-28,268,"CHICAGO OHARE INTERNATIONAL AIRPORT, IL US",5.82,70,0.0,0.36,1.0,0.0,64,80
2017-08-29,247,"CHICAGO OHARE INTERNATIONAL AIRPORT, IL US",5.37,68,0.0,0.07,0.0,1.0,61,76
2017-08-30,260,"CHICAGO OHARE INTERNATIONAL AIRPORT, IL US",5.59,70,0.0,0.0,0.0,1.0,60,82
2017-08-31,263,"CHICAGO OHARE INTERNATIONAL AIRPORT, IL US",13.42,69,0.0,0.0,0.0,1.0,64,73
2017-09-01,317,"CHICAGO OHARE INTERNATIONAL AIRPORT, IL US",11.86,64,0.0,0.0,0.0,0.0,50,69
2017-09-02,310,"CHICAGO OHARE INTERNATIONAL AIRPORT, IL US",4.7,62,0.0,0.25,0.0,1.0,50,75
2017-09-03,253,"CHICAGO OHARE INTERNATIONAL AIRPORT, IL US",7.38,68,0.0,0.0,0.0,0.0,57,84
2017-09-04,198,"CHICAGO OHARE INTERNATIONAL AIRPORT, IL US",12.75,73,0.0,0.0,0.0,1.0,62,82
2017-09-05,304,"CHICAGO OHARE INTERNATIONAL AIRPORT, IL US",12.53,63,0.0,0.0,0.0,0.0,54,70
2017-09-06,310,"CHICAGO OHARE INTERNATIONAL AIRPORT, IL US",10.29,58,0.0,0.0,0.0,0.0,49,67
2017-09-07,314,"CHICAGO OHARE INTERNATIONAL AIRPORT, IL US",8.5,60,0.0,0.0,0.0,1.0,52,71
2017-09-08,278,"CHICAGO OHARE INTERNATIONAL AIRPORT, IL US",7.38,62,0.0,0.0,0.0,0.0,58,69
2017-09-09,317,"CHICAGO OHARE INTERNATIONAL AIRPORT, IL US",8.28,63,0.0,0.0,0.0,1.0,54,72
2017-09-10,253,"CHICAGO OHARE INTERNATIONAL AIRPORT, IL US",6.26,61,0.0,0.0,0.0,0.0,50,70
2017-09-11,278,"CHICAGO OHARE INTERNATIONAL AIRPORT, IL US",4.7,62,0.0,0.0,0.0,1.0,52,75
2017-09-12,305,"CHICAGO OHARE INTERNATIONAL AIRPORT, IL US",6.93,65,0.0,0.0,0.0,0.0,54,77
2017-09-13,323,"CHICAGO OHARE INTERNATIONAL AIRPORT, IL US",6.49,66,0.0,0.0,0.0,1.0,58,77
2017-09-14,301,"CHICAGO OHARE INTERNATIONAL AIRPORT, IL US",5.14,68,0.0,0.0,0.0,1.0,59,81
2017-09-15,377,"CHICAGO OHARE INTERNATIONAL AIRPORT, IL US",9.4,73,0.0,0.0,0.0,1.0,62,87
2017-09-16,322,"CHICAGO OHARE INTERNATIONAL AIRPORT, IL US",8.5,77,0.0,0.0,0.0,1.0,65,88
2017-09-17,254,"CHICAGO OHARE INTERNATIONAL AIRPORT, IL US",7.61,77,0.0,0.0,0.0,1.0,63,86
2017-09-18,302,"CHICAGO OHARE INTERNATIONAL AIRPORT, IL US",7.61,68,0.0,0.0,0.0,0.0,58,77
2017-09-19,333,"CHICAGO OHARE INTERNATIONAL AIRPORT, IL US",6.49,70,0.0,0.07,0.0,1.0,64,79
2017-09-20,291,"CHICAGO OHARE INTERNATIONAL AIRPORT, IL US",10.74,75,0.0,0.0,0.0,0.0,62,92
2017-09-21,338,"CHICAGO OHARE INTERNATIONAL AIRPORT, IL US",5.82,83,0.0,0.0,0.0,1.0,72,94
2017-09-22,341,"CHICAGO OHARE INTERNATIONAL AIRPORT, IL US",6.93,84,0.0,0.0,0.0,1.0,71,94
2017-09-23,331,"CHICAGO OHARE INTERNATIONAL AIRPORT, IL US",6.04,83,0.0,0.0,0.0,1.0,72,95
2017-09-24,251,"CHICAGO OHARE INTERNATIONAL AIRPORT, IL US",6.26,81,0.0,0.0,0.0,1.0,70,93
2017-09-25,298,"CHICAGO OHARE INTERNATIONAL AIRPORT, IL US",6.49,79,0.0,0.0,0.0,1.0,67,92
2017-09-26,316,"CHICAGO OHARE INTERNATIONAL AIRPORT, IL US",9.62,80,0.0,0.0,0.0,1.0,70,92
2017-09-27,268,"CHICAGO OHARE INTERNATIONAL AIRPORT, IL US",11.86,70,0.0,0.0,0.0,0.0,56,72
2017-09-28,288,"CHICAGO OHARE INTERNATIONAL AIRPORT, IL US",6.71,62,0.0,0.0,0.0,0.0,53,74
2017-09-29,360,"CHICAGO OHARE INTERNATIONAL AIRPORT, IL US",10.51,64,0.0,0.0,0.0,1.0,56,70
2017-09-30,318,"CHICAGO OHARE INTERNATIONAL AIRPORT, IL US",7.61,61,0.0,0.0,0.0,0.0,53,68
2017-10-01,249,"CHICAGO OHARE INTERNATIONAL AIRPORT, IL US",10.29,59,0.0,0.0,0.0,0.0,48,72
2017-10-02,294,"CHICAGO OHARE INTERNATIONAL AIRPORT, IL US",12.53,69,0.0,0.0,0.0,1.0,58,83
2017-10-03,348,"CHICAGO OHARE INTERNATIONAL AIRPORT, IL US",14.76,73,0.0,0.0,0.0,0.0,67,78
2017-10-04,286,"CHICAGO OHARE INTERNATIONAL AIRPORT, IL US",7.61,71,0.0,0.03,0.0,0.0,58,76
2017-10-05,303,"CHICAGO OHARE INTERNATIONAL AIRPORT, IL US",5.82,65,0.0,0.01,0.0,1.0,54,77
2017-10-06,423,"CHICAGO OHARE INTERNATIONAL AIRPORT, IL US",8.72,64,0.0,0.3,0.0,0.0,60,69
2017-10-07,350,"CHICAGO OHARE INTERNATIONAL AIRPORT, IL US",17.67,69,0.0,0.43,0.0,0.0,60,79
2017-10-08,261,"CHICAGO OHARE INTERNATIONAL AIRPORT, IL US",7.16,65,0.0,0.0,0.0,0.0,54,78
2017-10-09,271,"CHICAGO OHARE INTERNATIONAL AIRPORT, IL US",5.59,66,0.0,0.0,0.0,1.0,52,81
2017-10-10,385,"CHICAGO OHARE INTERNATIONAL AIRPORT, IL US",13.87,62,0.0,0.78,0.0,0.0,58,63
2017-10-11,402,"CHICAGO OHARE INTERNATIONAL AIRPORT, IL US",12.75,59,0.0,0.79,0.0,1.0,56,62
2017-10-12,282,"CHICAGO OHARE INTERNATIONAL AIRPORT, IL US",6.71,58,0.0,0.0,0.0,1.0,56,60
2017-10-13,358,"CHICAGO OHARE INTERNATIONAL AIRPORT, IL US",8.05,61,0.0,0.0,0.0,0.0,55,73
2017-10-14,391,"CHICAGO OHARE INTERNATIONAL AIRPORT, IL US",8.72,64,0.0,4.19,1.0,0.0,62,66
2017-10-15,228,"CHICAGO OHARE INTERNATIONAL AIRPORT, IL US",15.66,60,0.0,0.2,0.0,0.0,47,68
2017-10-16,297,"CHICAGO OHARE INTERNATIONAL AIRPORT, IL US",7.38,52,0.0,0.0,0.0,0.0,43,63
2017-10-17,317,"CHICAGO OHARE INTERNATIONAL AIRPORT, IL US",11.86,57,0.0,0.0,0.0,0.0,49,70
2017-10-18,324,"CHICAGO OHARE INTERNATIONAL AIRPORT, IL US",12.75,59,0.0,0.0,0.0,0.0,47,71
2017-10-19,331,"CHICAGO OHARE INTERNATIONAL AIRPORT, IL US",6.49,61,0.0,0.0,0.0,1.0,51,70
2017-10-20,384,"CHICAGO OHARE INTERNATIONAL AIRPORT, IL US",8.95,61,0.0,0.0,0.0,1.0,51,78
2017-10-21,302,"CHICAGO OHARE INTERNATIONAL AIRPORT, IL US",14.99,67,0.0,0.0,0.0,1.0,60,77
2017-10-22,296,"CHICAGO OHARE INTERNATIONAL AIRPORT, IL US",13.2,66,0.0,0.37,0.0,1.0,51,70
2017-10-23,382,"CHICAGO OHARE INTERNATIONAL AIRPORT, IL US",9.17,52,0.0,0.73,0.0,0.0,50,54
2017-10-24,450,"CHICAGO OHARE INTERNATIONAL AIRPORT, IL US",12.53,48,0.0,0.87,0.0,0.0,42,50
2017-10-25,312,"CHICAGO OHARE INTERNATIONAL AIRPORT, IL US",6.04,44,0.0,0.0,0.0,0.0,38,53
2017-10-26,310,"CHICAGO OHARE INTERNATIONAL AIRPORT, IL US",11.63,47,0.0,0.0,0.0,0.0,36,60
2017-10-27,331,"CHICAGO OHARE INTERNATIONAL AIRPORT, IL US",15.66,45,0.0,0.0,0.0,1.0,38,52
2017-10-28,301,"CHICAGO OHARE INTERNATIONAL AIRPORT, IL US",10.51,38,0.0,0.0,0.0,0.0,36,40
2017-10-29,278,"CHICAGO OHARE INTERNATIONAL AIRPORT, IL US",8.05,40,0.0,0.0,0.0,0.0,33,46
2017-10-30,272,"CHICAGO OHARE INTERNATIONAL AIRPORT, IL US",16.33,45,0.0,0.0,0.0,1.0,37,50
2017-10-31,305,"CHICAGO OHARE INTERNATIONAL AIRPORT, IL US",11.41,38,0.0,0.0,0.0,1.0,34,40
2017-11-01,407,"CHICAGO OHARE INTERNATIONAL AIRPORT, IL US",9.84,39,0.0,0.23,0.0,1.0,36,44
2017-11-02,407,"CHICAGO OHARE INTERNATIONAL AIRPORT, IL US",5.37,47,0.0,0.02,0.0,1.0,44,51
2017-11-03,328,"CHICAGO OHARE INTERNATIONAL AIRPORT, IL US",10.51,44,0.0,0.0,0.0,0.0,38,48
2017-11-04,381,"CHICAGO OHARE INTERNATIONAL AIRPORT, IL US",7.83,46,0.0,0.48,1.0,0.0,42,50
2017-11-05,276,"CHICAGO OHARE INTERNATIONAL AIRPORT, IL US",7.83,49,0.0,0.02,0.0,1.0,42,52
2017-11-06,301,"CHICAGO OHARE INTERNATIONAL AIRPORT, IL US",9.17,41,0.0,0.0,0.0,0.0,32,43
2017-11-07,327,"CHICAGO OHARE INTERNATIONAL AIRPORT, IL US",9.4,40,0.0,0.0,0.0,0.0,32,45
2017-11-08,313,"CHICAGO OHARE INTERNATIONAL AIRPORT, IL US",4.47,37,0.0,0.0,0.0,0.0,29,46
2017-11-09,303,"CHICAGO OHARE INTERNATIONAL AIRPORT, IL US",13.65,39,0.0,0.0,0.0,0.0,21,46
2017-11-10,559,"CHICAGO OHARE INTERNATIONAL AIRPORT, IL US",8.5,24,0.1,0.0,0.0,0.0,18,30
2017-11-11,307,"CHICAGO OHARE INTERNATIONAL AIRPORT, IL US",8.95,29,0.0,0.0,0.0,0.0,26,38
2017-11-12,310,"CHICAGO OHARE INTERNATIONAL AIRPORT, IL US",4.47,38,0.0,0.13,0.0,0.0,36,40
2017-11-13,341,"CHICAGO OHARE INTERNATIONAL AIRPORT, IL US",6.04,36,0.0,0.0,0.0,1.0,31,40
2017-11-14,295,"CHICAGO OHARE INTERNATIONAL AIRPORT, IL US",10.74,39,0.0,0.0,0.0,1.0,30,49
2017-11-15,350,"CHICAGO OHARE INTERNATIONAL AIRPORT, IL US",15.66,48,0.0,0.17,0.0,0.0,35,52
2017-11-16,296,"CHICAGO OHARE INTERNATIONAL AIRPORT, IL US",9.84,36,0.0,0.0,0.0,0.0,33,38
2017-11-17,427,"CHICAGO OHARE INTERNATIONAL AIRPORT, IL US",13.65,38,0.0,0.14,1.0,1.0,35,48
2017-11-18,355,"CHICAGO OHARE INTERNATIONAL AIRPORT, IL US",15.21,43,0.0,0.54,0.0,0.0,35,48
2017-11-19,269,"CHICAGO OHARE INTERNATIONAL AIRPORT, IL US",13.2,35,0.0,0.0,0.0,0.0,30,37
2017-11-20,286,"CHICAGO OHARE INTERNATIONAL AIRPORT, IL US",17.9,38,0.0,0.0,0.0,0.0,30,52
2017-11-21,325,"CHICAGO OHARE INTERNATIONAL AIRPORT, IL US",14.99,43,0.0,0.02,0.0,0.0,27,44
2017-11-22,296,"CHICAGO OHARE INTERNATIONAL AIRPORT, IL US",7.38,29,0.0,0.0,0.0,1.0,22,35
2017-11-23,190,"CHICAGO OHARE INTERNATIONAL AIRPORT, IL US",8.28,36,0.0,0.0,0.0,0.0,32,46
2017-11-24,236,"CHICAGO OHARE INTERNATIONAL AIRPORT, IL US",13.42,44,0.0,0.0,0.0,0.0,32,63
2017-11-25,253,"CHICAGO OHARE INTERNATIONAL AIRPORT, IL US",12.3,49,0.0,0.0,0.0,0.0,32,55
2017-11-26,226,"CHICAGO OHARE INTERNATIONAL AIRPORT, IL US",7.38,38,0.0,0.0,0.0,0.0,27,49
2017-11-27,271,"CHICAGO OHARE INTERNATIONAL AIRPORT, IL US",7.16,44,0.0,0.0,0.0,0.0,31,57
2017-11-28,275,"CHICAGO OHARE INTERNATIONAL AIRPORT, IL US",15.21,55,0.0,0.0,0.0,1.0,43,61
2017-11-29,307,"CHICAGO OHARE INTERNATIONAL AIRPORT, IL US",7.16,43,0.0,0.0,0.0,0.0,34,47
2017-11-30,293,"CHICAGO OHARE INTERNATIONAL AIRPORT, IL US",10.74,46,0.0,0.0,0.0,0.0,39,54
2017-12-01,365,"CHICAGO OHARE INTERNATIONAL AIRPORT, IL US",4.92,41,0.0,0.0,0.0,1.0,28,53
2017-12-02,339,"CHICAGO OHARE INTERNATIONAL AIRPORT, IL US",4.25,42,0.0,0.0,0.0,1.0,33,54
2017-12-03,291,"CHICAGO OHARE INTERNATIONAL AIRPORT, IL US",6.26,43,0.0,0.0,0.0,1.0,29,58
2017-12-04,319,"CHICAGO OHARE INTERNATIONAL AIRPORT, IL US",21.92,55,0.0,0.16,1.0,1.0,44,65
2017-12-05,358,"CHICAGO OHARE INTERNATIONAL AIRPORT, IL US",21.92,41,0.0,0.0,0.0,0.0,27,44
2017-12-06,330,"CHICAGO OHARE INTERNATIONAL AIRPORT, IL US",13.65,31,0.0,0.0,0.0,0.0,26,35
2017-12-07,321,"CHICAGO OHARE INTERNATIONAL AIRPORT, IL US",12.3,25,0.0,0.0,0.0,0.0,19,29
2017-12-08,399,"CHICAGO OHARE INTERNATIONAL AIRPORT, IL US",12.3,25,0.0,0.01,0.0,1.0,18,37
2017-12-09,405,"CHICAGO OHARE INTERNATIONAL AIRPORT, IL US",13.87,30,0.6,0.03,0.0,1.0,20,32
2017-12-10,249,"CHICAGO OHARE INTERNATIONAL AIRPORT, IL US",10.07,26,0.0,0.0,0.0,0.0,20,35
2017-12-11,273,"CHICAGO OHARE INTERNATIONAL AIRPORT, IL US",9.84,31,1.4,0.08,0.0,1.0,23,39
2017-12-12,319,"CHICAGO OHARE INTERNATIONAL AIRPORT, IL US",13.42,24,0.0,0.0,0.0,0.0,17,31
2017-12-13,311,"CHICAGO OHARE INTERNATIONAL AIRPORT, IL US",16.11,26,0.0,0.0,0.0,0.0,22,38
2017-12-14,354,"CHICAGO OHARE INTERNATIONAL AIRPORT, IL US",8.05,24,0.0,0.0,0.0,0.0,16,27
2017-12-15,374,"CHICAGO OHARE INTERNATIONAL AIRPORT, IL US",11.41,26,0.0,0.0,0.0,1.0,21,37
2017-12-16,355,"CHICAGO OHARE INTERNATIONAL AIRPORT, IL US",7.83,38,0.0,0.0,0.0,1.0,27,46
2017-12-17,276,"CHICAGO OHARE INTERNATIONAL AIRPORT, IL US",4.7,35,0.0,0.0,0.0,1.0,29,42
2017-12-18,358,"CHICAGO OHARE INTERNATIONAL AIRPORT, IL US",11.41,42,0.0,0.01,0.0,0.0,39,46
2017-12-19,324,"CHICAGO OHARE INTERNATIONAL AIRPORT, IL US",12.08,43,0.0,0.0,0.0,0.0,35,50
2017-12-20,288,"CHICAGO OHARE INTERNATIONAL AIRPORT, IL US",8.5,34,0.0,0.0,0.0,0.0,27,37
2017-12-21,307,"CHICAGO OHARE INTERNATIONAL AIRPORT, IL US",8.95,35,0.0,0.0,0.0,0.0,32,40
2017-12-22,363,"CHICAGO OHARE INTERNATIONAL AIRPORT, IL US",6.93,38,0.0,0.0,0.0,1.0,33,39
2017-12-23,323,"CHICAGO OHARE INTERNATIONAL AIRPORT, IL US",9.4,31,0.0,0.0,0.0,0.0,19,33
2017-12-24,345,"CHICAGO OHARE INTERNATIONAL AIRPORT, IL US",8.95,21,1.8,0.18,0.0,1.0,18,22
2017-12-25,171,"CHICAGO OHARE INTERNATIONAL AIRPORT, IL US",12.97,16,0.1,0.01,0.0,0.0,2,21
2017-12-26,287,"CHICAGO OHARE INTERNATIONAL AIRPORT, IL US",9.62,2,0.0,0.0,0.0,0.0,-3,5
2017-12-27,359,"CHICAGO OHARE INTERNATIONAL AIRPORT, IL US",7.83,1,0.0,0.0,0.0,0.0,-4,7
2017-12-28,319,"CHICAGO OHARE INTERNATIONAL AIRPORT, IL US",7.83,6,0.6,0.03,0.0,0.0,0,15
2017-12-29,324,"CHICAGO OHARE INTERNATIONAL AIRPORT, IL US",6.26,12,0.8,0.08,0.0,1.0,9,15
2017-12-30,363,"CHICAGO OHARE INTERNATIONAL AIRPORT, IL US",13.42,9,0.0,0.0,0.0,1.0,-1,15
2017-12-31,329,"CHICAGO OHARE INTERNATIONAL AIRPORT, IL US",11.18,4,0.0,0.0,0.0,0.0,-1,13
2018-01-01,340,"CHICAGO OHARE INTERNATIONAL AIRPORT, IL US",10.74,-2,0.0,0.0,0.0,0.0,-9,1
2018-01-02,456,"CHICAGO OHARE INTERNATIONAL AIRPORT, IL US",11.18,-2,0.0,0.0,0.0,0.0,-9,8
2018-01-03,385,"CHICAGO OHARE INTERNATIONAL AIRPORT, IL US",12.3,11,0.1,0.0,0.0,1.0,6,17
2018-01-04,359,"CHICAGO OHARE INTERNATIONAL AIRPORT, IL US",12.3,7,0.0,0.0,0.0,0.0,0,12
2018-01-05,375,"CHICAGO OHARE INTERNATIONAL AIRPORT, IL US",10.74,5,0.0,0.0,0.0,0.0,-1,11
2018-01-06,332,"CHICAGO OHARE INTERNATIONAL AIRPORT, IL US",6.49,5,0.0,0.0,0.0,0.0,-2,17
2018-01-07,211,"CHICAGO OHARE INTERNATIONAL AIRPORT, IL US",14.99,17,0.0,0.03,0.0,0.0,8,33
2018-01-08,281,"CHICAGO OHARE INTERNATIONAL AIRPORT, IL US",11.86,34,0.0,0.0,0.0,1.0,31,37
2018-01-09,277,"CHICAGO OHARE INTERNATIONAL AIRPORT, IL US",6.04,31,0.0,0.0,0.0,1.0,26,36
2018-01-10,311,"CHICAGO OHARE INTERNATIONAL AIRPORT, IL US",15.88,37,0.0,0.01,0.0,0.0,30,56
2018-01-11,341,"CHICAGO OHARE INTERNATIONAL AIRPORT, IL US",16.33,56,0.0,0.36,0.0,0.0,23,59
2018-01-12,351,"CHICAGO OHARE INTERNATIONAL AIRPORT, IL US",19.91,23,0.0,0.0,0.0,0.0,14,23
2018-01-13,288,"CHICAGO OHARE INTERNATIONAL AIRPORT, IL US",9.84,13,0.0,0.0,0.0,0.0,6,16
2018-01-14,226,"CHICAGO OHARE INTERNATIONAL AIRPORT, IL US",9.4,12,0.8,0.08,0.0,0.0,5,21
2018-01-15,264,"CHICAGO OHARE INTERNATIONAL AIRPORT, IL US",10.96,19,2.3,0.14,0.0,1.0,10,24
2018-01-16,336,"CHICAGO OHARE INTERNATIONAL AIRPORT, IL US",11.86,15,0.6,0.01,0.0,1.0,9,26
2018-01-17,397,"CHICAGO OHARE INTERNATIONAL AIRPORT, IL US",12.3,13,0.0,0.0,0.0,0.0,4,20
2018-01-18,371,"CHICAGO OHARE INTERNATIONAL AIRPORT, IL US",14.99,21,0.0,0.0,0.0,0.0,16,32
2018-01-19,357,"CHICAGO OHARE INTERNATIONAL AIRPORT, IL US",16.78,32,0.0,0.0,0.0,0.0,28,40
2018-01-20,308,"CHICAGO OHARE INTERNATIONAL AIRPORT, IL US",8.28,39,0.0,0.0,0.0,0.0,32,45
2018-01-21,207,"CHICAGO OHARE INTERNATIONAL AIRPORT, IL US",3.8,40,0.0,0.0,0.0,0.0,36,44
2018-01-22,311,"CHICAGO OHARE INTERNATIONAL AIRPORT, IL US",12.53,47,0.0,0.81,1.0,0.0,38,54
2018-01-23,333,"CHICAGO OHARE INTERNATIONAL AIRPORT, IL US",12.75,35,0.5,0.07,0.0,0.0,28,39
2018-01-24,235,"CHICAGO OHARE INTERNATIONAL AIRPORT, IL US",6.49,29,0.3,0.02,0.0,1.0,27,30
2018-01-25,285,"CHICAGO OHARE INTERNATIONAL AIRPORT, IL US",9.62,31,0.0,0.0,0.0,0.0,24,43
2018-01-26,369,"CHICAGO OHARE INTERNATIONAL AIRPORT, IL US",18.57,41,0.0,0.0,0.0,0.0,33,51
2018-01-27,239,"CHICAGO OHARE INTERNATIONAL AIRPORT, IL US",12.3,47,0.0,0.0,0.0,0.0,36,50
2018-01-28,211,"CHICAGO OHARE INTERNATIONAL AIRPORT, IL US",8.72,35,0.0,0.01,0.0,0.0,28,40
2018-01-29,259,"CHICAGO OHARE INTERNATIONAL AIRPORT, IL US",12.08,27,0.0,0.0,0.0,0.0,17,30
2018-01-30,259,"CHICAGO OHARE INTERNATIONAL AIRPORT, IL US",10.51,21,0.0,0.0,0.0,0.0,15,31
2018-01-31,252,"CHICAGO OHARE INTERNATIONAL AIRPORT, IL US",13.87,35,0.0,0.0,0.0,0.0,31,42
2018-02-01,298,"CHICAGO OHARE INTERNATIONAL AIRPORT, IL US",15.43,28,0.0,0.0,0.0,0.0,8,35
2018-02-02,332,"CHICAGO OHARE INTERNATIONAL AIRPORT, IL US",10.29,11,0.0,0.0,0.0,0.0,5,22
2018-02-03,279,"CHICAGO OHARE INTERNATIONAL AIRPORT, IL US",13.2,26,0.8,0.03,0.0,0.0,22,41
2018-02-04,321,"CHICAGO OHARE INTERNATIONAL AIRPORT, IL US",13.42,26,1.1,0.08,0.0,0.0,4,35
2018-02-05,386,"CHICAGO OHARE INTERNATIONAL AIRPORT, IL US",6.93,6,2.2,0.22,0.0,0.0,-3,12
2018-02-06,296,"CHICAGO OHARE INTERNATIONAL AIRPORT, IL US",5.37,12,0.2,0.02,0.0,0.0,3,21
2018-02-07,269,"CHICAGO OHARE INTERNATIONAL AIRPORT, IL US",9.4,17,1.7,0.11,0.0,1.0,8,20
2018-02-08,363,"CHICAGO OHARE INTERNATIONAL AIRPORT, IL US",6.93,13,1.6,0.15,0.0,0.0,7,21
2018-02-09,245,"CHICAGO OHARE INTERNATIONAL AIRPORT, IL US",10.74,24,6.2,0.57,0.0,1.0,18,28
2018-02-10,274,"CHICAGO OHARE INTERNATIONAL AIRPORT, IL US",9.62,19,0.8,0.05,0.0,0.0,14,22
2018-02-11,256,"CHICAGO OHARE INTERNATIONAL AIRPORT, IL US",10.07,20,3.7,0.39,0.0,1.0,11,22
2018-02-12,439,"CHICAGO OHARE INTERNATIONAL AIRPORT, IL US",6.26,15,0.0,0.0,0.0,0.0,4,27
2018-02-13,348,"CHICAGO OHARE INTERNATIONAL AIRPORT, IL US",6.26,20,0.0,0.0,0.0,1.0,7,35
2018-02-14,364,"CHICAGO OHARE INTERNATIONAL AIRPORT, IL US",9.62,32,0.0,0.0,0.0,1.0,24,44
2018-02-15,304,"CHICAGO OHARE INTERNATIONAL AIRPORT, IL US",6.26,41,0.0,0.0,0.0,1.0,38,48
2018-02-16,349,"CHICAGO OHARE INTERNATIONAL AIRPORT, IL US",10.07,36,0.0,0.0,0.0,0.0,20,37
2018-02-17,377,"CHICAGO OHARE INTERNATIONAL AIRPORT, IL US",8.5,25,2.0,0.11,0.0,0.0,17,35
2018-02-18,248,"CHICAGO OHARE INTERNATIONAL AIRPORT, IL US",10.74,27,0.0,0.02,0.0,1.0,12,41
2018-02-19,240,"CHICAGO OHARE INTERNATIONAL AIRPORT, IL US",12.08,42,0.0,0.52,0.0,0.0,37,60
2018-02-20,389,"CHICAGO OHARE INTERNATIONAL AIRPORT, IL US",13.2,59,0.0,2.1,1.0,0.0,34,66
2018-02-21,279,"CHICAGO OHARE INTERNATIONAL AIRPORT, IL US",10.96,32,0.0,0.04,0.0,0.0,27,34
2018-02-22,265,"CHICAGO OHARE INTERNATIONAL AIRPORT, IL US",13.2,33,0.0,0.0,0.0,0.0,29,40
2018-02-23,323,"CHICAGO OHARE INTERNATIONAL AIRPORT, IL US",9.4,40,0.0,0.06,0.0,0.0,33,44
2018-02-24,304,"CHICAGO OHARE INTERNATIONAL AIRPORT, IL US",13.2,36,0.0,0.16,0.0,0.0,33,50
2018-02-25,255,"CHICAGO OHARE INTERNATIONAL AIRPORT, IL US",17.9,40,0.0,0.01,0.0,0.0,34,50
2018-02-26,339,"CHICAGO OHARE INTERNATIONAL AIRPORT, IL US",8.72,40,0.0,0.0,0.0,0.0,28,53
2018-02-27,282,"CHICAGO OHARE INTERNATIONAL AIRPORT, IL US",13.87,48,0.0,0.0,0.0,0.0,39,62
2018-02-28,281,"CHICAGO OHARE INTERNATIONAL AIRPORT, IL US",11.18,51,0.0,0.0,0.0,0.0,37,59
2018-03-01,309,"CHICAGO OHARE INTERNATIONAL AIRPORT, IL US",14.54,39,0.0,0.81,0.0,0.0,34,46
2018-03-02,357,"CHICAGO OHARE INTERNATIONAL AIRPORT, IL US",6.26,38,0.0,0.0,0.0,0.0,30,48
2018-03-03,329,"CHICAGO OHARE INTERNATIONAL AIRPORT, IL US",7.83,38,0.0,0.0,0.0,0.0,33,43
2018-03-04,235,"CHICAGO OHARE INTERNATIONAL AIRPORT, IL US",12.3,38,0.0,0.0,0.0,0.0,32,46
2018-03-05,302,"CHICAGO OHARE INTERNATIONAL AIRPORT, IL US",17.45,37,0.4,0.11,0.0,0.0,33,40
2018-03-06,291,"CHICAGO OHARE INTERNATIONAL AIRPORT, IL US",8.72,35,0.0,0.07,0.0,0.0,31,41
2018-03-07,305,"CHICAGO OHARE INTERNATIONAL AIRPORT, IL US",13.65,31,0.0,0.0,0.0,0.0,25,34
2018-03-08,286,"CHICAGO OHARE INTERNATIONAL AIRPORT, IL US",11.18,28,0.0,0.0,0.0,0.0,24,34
2018-03-09,356,"CHICAGO OHARE INTERNATIONAL AIRPORT, IL US",6.49,30,0.0,0.0,0.0,0.0,23,41
2018-03-10,318,"CHICAGO OHARE INTERNATIONAL AIRPORT, IL US",5.59,33,0.0,0.0,0.0,0.0,23,41
2018-03-11,256,"CHICAGO OHARE INTERNATIONAL AIRPORT, IL US",8.28,34,0.0,0.0,0.0,0.0,28,40
2018-03-12,272,"CHICAGO OHARE INTERNATIONAL AIRPORT, IL US",11.41,37,0.0,0.0,0.0,0.0,30,46
2018-03-13,348,"CHICAGO OHARE INTERNATIONAL AIRPORT, IL US",10.74,32,2.2,0.22,0.0,1.0,19,35
2018-03-14,299,"CHICAGO OHARE INTERNATIONAL AIRPORT, IL US",10.96,30,0.0,0.0,0.0,0.0,22,48
2018-03-15,320,"CHICAGO OHARE INTERNATIONAL AIRPORT, IL US",9.17,40,0.0,0.0,0.0,0.0,28,50
2018-03-16,348,"CHICAGO OHARE INTERNATIONAL AIRPORT, IL US",10.96,32,0.0,0.0,0.0,0.0,29,38
2018-03-17,330,"CHICAGO OHARE INTERNATIONAL AIRPORT, IL US",10.07,37,0.0,0.0,0.0,0.0,30,46
2018-03-18,289,"CHICAGO OHARE INTERNATIONAL AIRPORT, IL US",4.7,40,0.0,0.0,0.0,0.0,27,57
2018-03-19,290,"CHICAGO OHARE INTERNATIONAL AIRPORT, IL US",15.21,41,0.0,0.0,0.0,0.0,33,46
2018-03-20,293,"CHICAGO OHARE INTERNATIONAL AIRPORT, IL US",17.0,33,0.0,0.0,0.0,0.0,29,37
2018-03-21,307,"CHICAGO OHARE INTERNATIONAL AIRPORT, IL US",10.51,33,0.0,0.0,0.0,0.0,25,40
2018-03-22,294,"CHICAGO OHARE INTERNATIONAL AIRPORT, IL US",6.93,34,0.0,0.0,0.0,0.0,22,50
2018-03-23,360,"CHICAGO OHARE INTERNATIONAL AIRPORT, IL US",9.17,36,0.0,0.0,0.0,0.0,25,43
2018-03-24,241,"CHICAGO OHARE INTERNATIONAL AIRPORT, IL US",17.45,36,0.0,0.0,0.0,0.0,32,40
2018-03-25,265,"CHICAGO OHARE INTERNATIONAL AIRPORT, IL US",14.09,34,0.0,0.0,0.0,0.0,27,41
2018-03-26,287,"CHICAGO OHARE INTERNATIONAL AIRPORT, IL US",9.62,39,0.0,0.23,0.0,0.0,31,53
2018-03-27,265,"CHICAGO OHARE INTERNATIONAL AIRPORT, IL US",9.4,49,0.0,0.15,0.0,0.0,39,51
2018-03-28,282,"CHICAGO OHARE INTERNATIONAL AIRPORT, IL US",4.47,45,0.0,0.01,0.0,1.0,39,54
2018-03-29,255,"CHICAGO OHARE INTERNATIONAL AIRPORT, IL US",8.95,45,0.0,0.05,0.0,1.0,35,50
2018-03-30,292,"CHICAGO OHARE INTERNATIONAL AIRPORT, IL US",7.83,39,0.0,0.0,0.0,0.0,33,49
2018-03-31,296,"CHICAGO OHARE INTERNATIONAL AIRPORT, IL US",15.88,44,0.0,0.09,0.0,0.0,32,58
2018-04-01,229,"CHICAGO OHARE INTERNATIONAL AIRPORT, IL US",7.83,32,0.0,0.0,0.0,0.0,24,35
2018-04-02,279,"CHICAGO OHARE INTERNATIONAL AIRPORT, IL US",6.93,32,0.0,0.0,0.0,1.0,21,44
2018-04-03,326,"CHICAGO OHARE INTERNATIONAL AIRPORT, IL US",12.08,39,0.0,0.2,0.0,0.0,34,40
2018-04-04,446,"CHICAGO OHARE INTERNATIONAL AIRPORT, IL US",15.21,32,0.2,0.01,0.0,0.0,26,35
2018-04-05,339,"CHICAGO OHARE INTERNATIONAL AIRPORT, IL US",7.38,32,0.0,0.07,0.0,1.0,23,42
2018-04-06,332,"CHICAGO OHARE INTERNATIONAL AIRPORT, IL US",14.32,35,0.0,0.0,0.0,0.0,25,38
2018-04-07,280,"CHICAGO OHARE INTERNATIONAL AIRPORT, IL US",8.95,28,0.0,0.0,0.0,0.0,20,39
2018-04-08,250,"CHICAGO OHARE INTERNATIONAL AIRPORT, IL US",6.93,31,0.0,0.01,0.0,0.0,21,39
2018-04-09,336,"CHICAGO OHARE INTERNATIONAL AIRPORT, IL US",6.04,33,2.0,0.13,0.0,1.0,30,39
2018-04-10,289,"CHICAGO OHARE INTERNATIONAL AIRPORT, IL US",8.5,36,0.0,0.0,0.0,1.0,28,46
2018-04-11,307,"CHICAGO OHARE INTERNATIONAL AIRPORT, IL US",9.84,48,0.0,0.05,0.0,1.0,39,66
2018-04-12,333,"CHICAGO OHARE INTERNATIONAL AIRPORT, IL US",14.09,56,0.0,0.03,0.0,0.0,42,73
2018-04-13,358,"CHICAGO OHARE INTERNATIONAL AIRPORT, IL US",13.2,43,0.0,0.07,0.0,0.0,39,47
2018-04-14,381,"CHICAGO OHARE INTERNATIONAL AIRPORT, IL US",21.03,39,0.0,0.96,0.0,0.0,36,39
2018-04-15,286,"CHICAGO OHARE INTERNATIONAL AIRPORT, IL US",13.65,35,0.2,0.74,0.0,0.0,28,37
2018-04-16,352,"CHICAGO OHARE INTERNATIONAL AIRPORT, IL US",14.99,31,0.3,0.01,0.0,1.0,27,35
2018-04-17,305,"CHICAGO OHARE INTERNATIONAL AIRPORT, IL US",11.18,35,0.0,0.0,0.0,1.0,29,43
2018-04-18,333,"CHICAGO OHARE INTERNATIONAL AIRPORT, IL US",11.63,35,0.4,0.41,0.0,1.0,30,37
2018-04-19,374,"CHICAGO OHARE INTERNATIONAL AIRPORT, IL US",9.84,39,0.1,0.01,0.0,0.0,31,55
2018-04-20,358,"CHICAGO OHARE INTERNATIONAL AIRPORT, IL US",4.92,47,0.0,0.0,0.0,0.0,31,61
2018-04-21,242,"CHICAGO OHARE INTERNATIONAL AIRPORT, IL US",3.8,47,0.0,0.0,0.0,0.0,39,55
2018-04-22,241,"CHICAGO OHARE INTERNATIONAL AIRPORT, IL US",10.51,50,0.0,0.0,0.0,0.0,42,62
2018-04-23,349,"CHICAGO OHARE INTERNATIONAL AIRPORT, IL US",11.86,51,0.0,0.0,0.0,0.0,43,63
2018-04-24,306,"CHICAGO OHARE INTERNATIONAL AIRPORT, IL US",8.5,55,0.0,0.0,0.0,0.0,48,65
2018-04-25,333,"CHICAGO OHARE INTERNATIONAL AIRPORT, IL US",13.87,49,0.0,0.0,0.0,0.0,38,53
2018-04-26,319,"CHICAGO OHARE INTERNATIONAL AIRPORT, IL US",3.8,48,0.0,0.0,0.0,0.0,36,66
2018-04-27,368,"CHICAGO OHARE INTERNATIONAL AIRPORT, IL US",13.87,53,0.0,0.02,0.0,0.0,39,58
2018-04-28,315,"CHICAGO OHARE INTERNATIONAL AIRPORT, IL US",12.3,42,0.0,0.0,0.0,0.0,33,50
2018-04-29,265,"CHICAGO OHARE INTERNATIONAL AIRPORT, IL US",6.71,43,0.0,0.0,0.0,0.0,31,59
2018-04-30,374,"CHICAGO OHARE INTERNATIONAL AIRPORT, IL US",12.53,56,0.0,0.0,0.0,0.0,40,80
2018-05-01,385,"CHICAGO OHARE INTERNATIONAL AIRPORT, IL US",15.43,72,0.0,0.0,0.0,1.0,60,86
2018-05-02,353,"CHICAGO OHARE INTERNATIONAL AIRPORT, IL US",12.3,77,0.0,1.32,1.0,1.0,63,86
2018-05-03,359,"CHICAGO OHARE INTERNATIONAL AIRPORT, IL US",7.16,64,0.0,0.57,1.0,0.0,54,70
2018-05-04,350,"CHICAGO OHARE INTERNATIONAL AIRPORT, IL US",14.32,65,0.0,0.0,0.0,0.0,61,74
2018-05-05,391,"CHICAGO OHARE INTERNATIONAL AIRPORT, IL US",8.5,70,0.0,0.0,0.0,0.0,57,82
2018-05-06,283,"CHICAGO OHARE INTERNATIONAL AIRPORT, IL US",9.84,62,0.0,0.0,0.0,0.0,50,68
2018-05-07,354,"CHICAGO OHARE INTERNATIONAL AIRPORT, IL US",5.59,59,0.0,0.0,0.0,0.0,46,75
2018-05-08,352,"CHICAGO OHARE INTERNATIONAL AIRPORT, IL US",6.93,69,0.0,0.0,0.0,0.0,57,81
2018-05-09,338,"CHICAGO OHARE INTERNATIONAL AIRPORT, IL US",13.42,70,0.0,0.25,1.0,1.0,57,81
2018-05-10,371,"CHICAGO OHARE INTERNATIONAL AIRPORT, IL US",9.17,66,0.0,0.0,0.0,0.0,50,73
2018-05-11,360,"CHICAGO OHARE INTERNATIONAL AIRPORT, IL US",14.99,52,0.0,0.04,0.0,0.0,45,52
2018-05-12,309,"CHICAGO OHARE INTERNATIONAL AIRPORT, IL US",12.53,46,0.0,0.33,1.0,0.0,44,50
2018-05-13,282,"CHICAGO OHARE INTERNATIONAL AIRPORT, IL US",6.26,52,0.0,0.91,1.0,1.0,45,67
2018-05-14,325,"CHICAGO OHARE INTERNATIONAL AIRPORT, IL US",8.28,62,0.0,1.54,1.0,1.0,53,83
2018-05-15,336,"CHICAGO OHARE INTERNATIONAL AIRPORT, IL US",10.96,64,0.0,0.0,0.0,0.0,51,71
2018-05-16,332,"CHICAGO OHARE INTERNATIONAL AIRPORT, IL US",5.37,62,0.0,0.0,0.0,1.0,47,79
2018-05-17,322,"CHICAGO OHARE INTERNATIONAL AIRPORT, IL US",9.17,63,0.0,0.0,0.0,1.0,52,69
2018-05-18,402,"CHICAGO OHARE INTERNATIONAL AIRPORT, IL US",10.96,57,0.0,0.1,0.0,0.0,52,65
2018-05-19,291,"CHICAGO OHARE INTERNATIONAL AIRPORT, IL US",5.37,60,0.0,0.02,0.0,1.0,54,69
2018-05-20,251,"CHICAGO OHARE INTERNATIONAL AIRPORT, IL US",13.65,51,0.0,0.27,1.0,0.0,44,55
2018-05-21,384,"CHICAGO OHARE INTERNATIONAL AIRPORT, IL US",6.26,53,0.0,1.96,1.0,0.0,49,64
2018-05-22,358,"CHICAGO OHARE INTERNATIONAL AIRPORT, IL US",4.7,59,0.0,0.0,0.0,1.0,54,67
2018-05-23,364,"CHICAGO OHARE INTERNATIONAL AIRPORT, IL US",4.03,64,0.0,0.0,0.0,1.0,52,80
2018-05-24,359,"CHICAGO OHARE INTERNATIONAL AIRPORT, IL US",5.14,71,0.0,0.0,0.0,0.0,58,87
2018-05-25,448,"CHICAGO OHARE INTERNATIONAL AIRPORT, IL US",8.95,78,0.0,0.0,0.0,0.0,67,89
2018-05-26,360,"CHICAGO OHARE INTERNATIONAL AIRPORT, IL US",6.93,79,0.0,0.0,0.0,0.0,70,90
2018-05-27,340,"CHICAGO OHARE INTERNATIONAL AIRPORT, IL US",4.7,83,0.0,0.0,0.0,0.0,70,97
2018-05-28,254,"CHICAGO OHARE INTERNATIONAL AIRPORT, IL US",7.16,83,0.0,0.0,0.0,0.0,70,95
2018-05-29,304,"CHICAGO OHARE INTERNATIONAL AIRPORT, IL US",6.71,77,0.0,0.0,0.0,0.0,66,87
2018-05-30,315,"CHICAGO OHARE INTERNATIONAL AIRPORT, IL US",8.05,75,0.0,0.9,1.0,1.0,67,86
2018-05-31,423,"CHICAGO OHARE INTERNATIONAL AIRPORT, IL US",9.62,77,0.0,0.0,0.0,0.0,69,89
2018-06-01,463,"CHICAGO OHARE INTERNATIONAL AIRPORT, IL US",13.42,71,0.0,0.0,0.0,0.0,53,76
2018-06-02,395,"CHICAGO OHARE INTERNATIONAL AIRPORT, IL US",8.72,60,0.0,0.31,1.0,0.0,52,70
2018-06-03,319,"CHICAGO OHARE INTERNATIONAL AIRPORT, IL US",14.32,67,0.0,0.0,0.0,0.0,60,78
2018-06-04,387,"CHICAGO OHARE INTERNATIONAL AIRPORT, IL US",10.07,67,0.0,0.0,0.0,0.0,55,80
2018-06-05,344,"CHICAGO OHARE INTERNATIONAL AIRPORT, IL US",13.2,67,0.0,0.01,0.0,0.0,54,72
2018-06-06,312,"CHICAGO OHARE INTERNATIONAL AIRPORT, IL US",5.82,61,0.0,0.1,0.0,0.0,48,79
2018-06-07,351,"CHICAGO OHARE INTERNATIONAL AIRPORT, IL US",8.72,71,0.0,0.0,0.0,0.0,60,81
2018-06-08,385,"CHICAGO OHARE INTERNATIONAL AIRPORT, IL US",8.28,64,0.0,0.0,1.0,0.0,59,73
2018-06-09,314,"CHICAGO OHARE INTERNATIONAL AIRPORT, IL US",5.82,66,0.0,1.31,1.0,1.0,57,82
2018-06-10,341,"CHICAGO OHARE INTERNATIONAL AIRPORT, IL US",7.83,65,0.0,1.34,1.0,1.0,60,71
2018-06-11,376,"CHICAGO OHARE INTERNATIONAL AIRPORT, IL US",9.62,64,0.0,0.1,0.0,0.0,61,70
2018-06-12,334,"CHICAGO OHARE INTERNATIONAL AIRPORT, IL US",3.8,69,0.0,0.0,0.0,1.0,62,80
2018-06-13,364,"CHICAGO OHARE INTERNATIONAL AIRPORT, IL US",8.72,75,0.0,0.0,0.0,0.0,64,81
2018-06-14,365,"CHICAGO OHARE INTERNATIONAL AIRPORT, IL US",4.47,73,0.0,0.0,0.0,0.0,64,81
2018-06-15,364,"CHICAGO OHARE INTERNATIONAL AIRPORT, IL US",6.71,74,0.0,0.0,0.0,0.0,64,89
2018-06-16,389,"CHICAGO OHARE INTERNATIONAL AIRPORT, IL US",9.62,81,0.0,0.65,1.0,0.0,69,92
2018-06-17,309,"CHICAGO OHARE INTERNATIONAL AIRPORT, IL US",10.74,86,0.0,0.0,0.0,0.0,78,93
2018-06-18,382,"CHICAGO OHARE INTERNATIONAL AIRPORT, IL US",12.75,87,0.0,0.36,0.0,0.0,66,95
2018-06-19,305,"CHICAGO OHARE INTERNATIONAL AIRPORT, IL US",8.5,71,0.0,0.02,1.0,1.0,63,81
2018-06-20,317,"CHICAGO OHARE INTERNATIONAL AIRPORT, IL US",8.05,69,0.0,0.0,0.0,0.0,65,77
2018-06-21,363,"CHICAGO OHARE INTERNATIONAL AIRPORT, IL US",12.75,66,0.0,1.41,0.0,1.0,62,67
2018-06-22,392,"CHICAGO OHARE INTERNATIONAL AIRPORT, IL US",13.87,62,0.0,1.23,0.0,1.0,59,64
2018-06-23,335,"CHICAGO OHARE INTERNATIONAL AIRPORT, IL US",5.37,68,0.0,0.0,0.0,0.0,62,81
2018-06-24,321,"CHICAGO OHARE INTERNATIONAL AIRPORT, IL US",8.72,73,0.0,0.0,0.0,0.0,64,80
2018-06-25,291,"CHICAGO OHARE INTERNATIONAL AIRPORT, IL US",11.41,69,0.0,0.0,0.0,0.0,61,78
2018-06-26,317,"CHICAGO OHARE INTERNATIONAL AIRPORT, IL US",8.95,73,0.0,0.76,1.0,0.0,66,84
2018-06-27,284,"CHICAGO OHARE INTERNATIONAL AIRPORT, IL US",6.71,73,0.0,0.03,0.0,0.0,69,80
2018-06-28,340,"CHICAGO OHARE INTERNATIONAL AIRPORT, IL US",4.7,76,0.0,0.0,0.0,1.0,68,88
2018-06-29,419,"CHICAGO OHARE INTERNATIONAL AIRPORT, IL US",10.07,82,0.0,0.0,0.0,1.0,73,96
2018-06-30,367,"CHICAGO OHARE INTERNATIONAL AIRPORT, IL US",11.18,87,0.0,0.0,0.0,0.0,80,94
2018-07-01,308,"CHICAGO OHARE INTERNATIONAL AIRPORT, IL US",12.3,85,0.0,0.24,1.0,1.0,76,94
2018-07-02,352,"CHICAGO OHARE INTERNATIONAL AIRPORT, IL US",5.82,77,0.0,0.0,0.0,0.0,69,85
2018-07-03,402,"CHICAGO OHARE INTERNATIONAL AIRPORT, IL US",6.26,78,0.0,0.0,0.0,0.0,63,89
2018-07-04,317,"CHICAGO OHARE INTERNATIONAL AIRPORT, IL US",7.61,83,0.0,0.01,1.0,0.0,76,93
2018-07-05,378,"CHICAGO OHARE INTERNATIONAL AIRPORT, IL US",6.49,81,0.0,0.02,1.0,0.0,74,92
2018-07-06,377,"CHICAGO OHARE INTERNATIONAL AIRPORT, IL US",13.87,74,0.0,0.0,0.0,0.0,64,75
2018-07-07,363,"CHICAGO OHARE INTERNATIONAL AIRPORT, IL US",6.93,71,0.0,0.0,0.0,0.0,59,82
2018-07-08,296,"CHICAGO OHARE INTERNATIONAL AIRPORT, IL US",4.25,75,0.0,0.0,0.0,0.0,63,88
2018-07-09,373,"CHICAGO OHARE INTERNATIONAL AIRPORT, IL US",7.83,79,0.0,0.0,0.0,1.0,67,91
2018-07-10,352,"CHICAGO OHARE INTERNATIONAL AIRPORT, IL US",10.74,82,0.0,0.0,0.0,0.0,71,87
2018-07-11,329,"CHICAGO OHARE INTERNATIONAL AIRPORT, IL US",6.49,77,0.0,0.0,0.0,0.0,67,87
2018-07-12,323,"CHICAGO OHARE INTERNATIONAL AIRPORT, IL US",7.38,79,0.0,0.0,0.0,1.0,70,87
2018-07-13,391,"CHICAGO OHARE INTERNATIONAL AIRPORT, IL US",8.72,82,0.0,0.0,0.0,1.0,72,95
2018-07-14,326,"CHICAGO OHARE INTERNATIONAL AIRPORT, IL US",4.7,78,0.0,0.26,0.0,1.0,72,82
2018-07-15,259,"CHICAGO OHARE INTERNATIONAL AIRPORT, IL US",3.8,80,0.0,0.0,0.0,1.0,72,91
2018-07-16,358,"CHICAGO OHARE INTERNATIONAL AIRPORT, IL US",6.04,82,0.0,0.08,1.0,0.0,72,93
2018-07-17,339,"CHICAGO OHARE INTERNATIONAL AIRPORT, IL US",9.84,77,0.0,0.0,0.0,0.0,68,81
2018-07-18,325,"CHICAGO OHARE INTERNATIONAL AIRPORT, IL US",7.38,72,0.0,0.0,0.0,0.0,63,80
2018-07-19,305,"CHICAGO OHARE INTERNATIONAL AIRPORT, IL US",10.29,76,0.0,0.03,0.0,0.0,67,87
2018-07-20,370,"CHICAGO OHARE INTERNATIONAL AIRPORT, IL US",11.63,76,0.0,0.15,0.0,1.0,70,78
2018-07-21,358,"CHICAGO OHARE INTERNATIONAL AIRPORT, IL US",12.97,71,0.0,0.12,0.0,0.0,69,79
2018-07-22,271,"CHICAGO OHARE INTERNATIONAL AIRPORT, IL US",14.76,71,0.0,0.13,0.0,0.0,67,76
2018-07-23,299,"CHICAGO OHARE INTERNATIONAL AIRPORT, IL US",9.17,72,0.0,0.0,0.0,1.0,65,82
2018-07-24,304,"CHICAGO OHARE INTERNATIONAL AIRPORT, IL US",4.92,75,0.0,0.0,0.0,1.0,66,88
2018-07-25,322,"CHICAGO OHARE INTERNATIONAL AIRPORT, IL US",7.83,79,0.0,0.0,0.0,0.0,67,90
2018-07-26,331,"CHICAGO OHARE INTERNATIONAL AIRPORT, IL US",10.29,77,0.0,0.03,0.0,0.0,66,81
2018-07-27,355,"CHICAGO OHARE INTERNATIONAL AIRPORT, IL US",8.05,70,0.0,0.0,0.0,0.0,62,79
2018-07-28,306,"CHICAGO OHARE INTERNATIONAL AIRPORT, IL US",5.59,71,0.0,0.0,0.0,0.0,61,82
2018-07-29,277,"CHICAGO OHARE INTERNATIONAL AIRPORT, IL US",2.91,72,0.0,0.07,0.0,1.0,62,83
2018-07-30,301,"CHICAGO OHARE INTERNATIONAL AIRPORT, IL US",6.04,72,0.0,0.0,0.0,0.0,62,82
2018-07-31,314,"CHICAGO OHARE INTERNATIONAL AIRPORT, IL US",7.61,73,0.0,0.0,0.0,0.0,66,80
2018-08-01,379,"CHICAGO OHARE INTERNATIONAL AIRPORT, IL US",7.61,73,0.0,0.0,1.0,1.0,63,85
2018-08-02,354,"CHICAGO OHARE INTERNATIONAL AIRPORT, IL US",8.95,77,0.0,0.0,1.0,0.0,70,85
2018-08-03,380,"CHICAGO OHARE INTERNATIONAL AIRPORT, IL US",4.03,77,0.0,0.0,0.0,1.0,67,89
2018-08-04,379,"CHICAGO OHARE INTERNATIONAL AIRPORT, IL US",9.62,82,0.0,0.0,0.0,0.0,71,97
2018-08-05,274,"CHICAGO OHARE INTERNATIONAL AIRPORT, IL US",12.53,85,0.0,0.0,0.0,0.0,75,94
2018-08-06,296,"CHICAGO OHARE INTERNATIONAL AIRPORT, IL US",6.71,78,0.0,0.34,1.0,0.0,69,81
2018-08-07,361,"CHICAGO OHARE INTERNATIONAL AIRPORT, IL US",4.92,75,0.0,2.36,1.0,0.0,69,83
2018-08-08,301,"CHICAGO OHARE INTERNATIONAL AIRPORT, IL US",5.82,74,0.0,0.0,0.0,0.0,69,85
2018-08-09,309,"CHICAGO OHARE INTERNATIONAL AIRPORT, IL US",9.62,78,0.0,0.43,1.0,1.0,69,89
2018-08-10,346,"CHICAGO OHARE INTERNATIONAL AIRPORT, IL US",9.17,76,0.0,0.0,0.0,0.0,70,83
2018-08-11,352,"CHICAGO OHARE INTERNATIONAL AIRPORT, IL US",4.7,77,0.0,0.0,0.0,1.0,68,88
2018-08-12,314,"CHICAGO OHARE INTERNATIONAL AIRPORT, IL US",6.04,79,0.0,0.0,0.0,0.0,70,87
2018-08-13,323,"CHICAGO OHARE INTERNATIONAL AIRPORT, IL US",2.91,77,0.0,0.0,0.0,1.0,66,89
2018-08-14,314,"CHICAGO OHARE INTERNATIONAL AIRPORT, IL US",5.14,79,0.0,0.0,0.0,1.0,71,87
2018-08-15,307,"CHICAGO OHARE INTERNATIONAL AIRPORT, IL US",5.82,80,0.0,0.01,1.0,0.0,73,85
2018-08-16,292,"CHICAGO OHARE INTERNATIONAL AIRPORT, IL US",4.47,77,0.0,0.5,1.0,1.0,69,86
2018-08-17,361,"CHICAGO OHARE INTERNATIONAL AIRPORT, IL US",5.59,75,0.0,0.11,1.0,1.0,68,85
2018-08-18,332,"CHICAGO OHARE INTERNATIONAL AIRPORT, IL US",8.5,75,0.0,0.0,0.0,1.0,70,80
2018-08-19,266,"CHICAGO OHARE INTERNATIONAL AIRPORT, IL US",6.49,76,0.0,0.0,0.0,1.0,68,86
2018-08-20,318,"CHICAGO OHARE INTERNATIONAL AIRPORT, IL US",10.07,75,0.0,0.82,1.0,0.0,69,79
2018-08-21,290,"CHICAGO OHARE INTERNATIONAL AIRPORT, IL US",10.51,72,0.0,0.13,0.0,0.0,66,78
2018-08-22,311,"CHICAGO OHARE INTERNATIONAL AIRPORT, IL US",8.72,69,0.0,0.0,0.0,0.0,58,79
2018-08-23,301,"CHICAGO OHARE INTERNATIONAL AIRPORT, IL US",6.49,70,0.0,0.0,0.0,1.0,60,80
2018-08-24,344,"CHICAGO OHARE INTERNATIONAL AIRPORT, IL US",11.86,68,0.0,0.04,0.0,0.0,63,72
2018-08-25,344,"CHICAGO OHARE INTERNATIONAL AIRPORT, IL US",6.71,71,0.0,0.06,1.0,1.0,66,86
2018-08-26,286,"CHICAGO OHARE INTERNATIONAL AIRPORT, IL US",8.95,81,0.0,0.0,0.0,1.0,72,93
2018-08-27,337,"CHICAGO OHARE INTERNATIONAL AIRPORT, IL US",16.11,85,0.0,0.0,0.0,1.0,78,93
2018-08-28,362,"CHICAGO OHARE INTERNATIONAL AIRPORT, IL US",11.86,82,0.0,1.39,1.0,0.0,67,91
2018-08-29,315,"CHICAGO OHARE INTERNATIONAL AIRPORT, IL US",9.4,72,0.0,0.42,1.0,1.0,65,76
2018-08-30,318,"CHICAGO OHARE INTERNATIONAL AIRPORT, IL US",6.71,68,0.0,0.0,0.0,1.0,61,73
2018-08-31,384,"CHICAGO OHARE INTERNATIONAL AIRPORT, IL US",7.83,70,0.0,0.0,1.0,1.0,60,85
2018-09-01,324,"CHICAGO OHARE INTERNATIONAL AIRPORT, IL US",7.83,76,0.0,0.16,1.0,0.0,72,86
2018-09-02,256,"CHICAGO OHARE INTERNATIONAL AIRPORT, IL US",9.4,80,0.0,0.02,1.0,0.0,70,91
2018-09-03,238,"CHICAGO OHARE INTERNATIONAL AIRPORT, IL US",6.71,77,0.0,1.79,1.0,1.0,70,88
2018-09-04,420,"CHICAGO OHARE INTERNATIONAL AIRPORT, IL US",7.61,79,0.0,0.0,0.0,0.0,71,92
2018-09-05,367,"CHICAGO OHARE INTERNATIONAL AIRPORT, IL US",12.08,83,0.0,0.24,1.0,0.0,69,91
2018-09-06,340,"CHICAGO OHARE INTERNATIONAL AIRPORT, IL US",13.42,69,0.0,0.53,0.0,0.0,64,69
2018-09-07,359,"CHICAGO OHARE INTERNATIONAL AIRPORT, IL US",13.42,67,0.0,0.3,0.0,0.0,63,69
2018-09-08,273,"CHICAGO OHARE INTERNATIONAL AIRPORT, IL US",17.0,67,0.0,0.0,0.0,0.0,63,69
2018-09-09,267,"CHICAGO OHARE INTERNATIONAL AIRPORT, IL US",15.21,64,0.0,0.0,0.0,0.0,60,68
2018-09-10,324,"CHICAGO OHARE INTERNATIONAL AIRPORT, IL US",6.71,65,0.0,0.0,0.0,0.0,56,74
2018-09-11,351,"CHICAGO OHARE INTERNATIONAL AIRPORT, IL US",4.47,67,0.0,0.0,0.0,1.0,57,79
2018-09-12,311,"CHICAGO OHARE INTERNATIONAL AIRPORT, IL US",5.82,71,0.0,0.0,0.0,0.0,61,82
2018-09-13,389,"CHICAGO OHARE INTERNATIONAL AIRPORT, IL US",4.47,69,0.0,0.0,0.0,1.0,60,78
2018-09-14,412,"CHICAGO OHARE INTERNATIONAL AIRPORT, IL US",3.8,73,0.0,0.0,0.0,1.0,64,87
2018-09-15,339,"CHICAGO OHARE INTERNATIONAL AIRPORT, IL US",6.93,74,0.0,0.0,0.0,0.0,64,82
2018-09-16,308,"CHICAGO OHARE INTERNATIONAL AIRPORT, IL US",6.49,76,0.0,0.0,0.0,1.0,66,89
2018-09-17,346,"CHICAGO OHARE INTERNATIONAL AIRPORT, IL US",3.36,79,0.0,0.0,0.0,1.0,69,91
2018-09-18,309,"CHICAGO OHARE INTERNATIONAL AIRPORT, IL US",8.28,73,0.0,0.0,0.0,0.0,66,75
2018-09-19,314,"CHICAGO OHARE INTERNATIONAL AIRPORT, IL US",9.17,69,0.0,0.21,1.0,0.0,66,76
2018-09-20,383,"CHICAGO OHARE INTERNATIONAL AIRPORT, IL US",7.83,75,0.0,0.0,0.0,1.0,66,93
2018-09-21,342,"CHICAGO OHARE INTERNATIONAL AIRPORT, IL US",16.11,79,0.0,0.0,0.0,1.0,56,83
2018-09-22,310,"CHICAGO OHARE INTERNATIONAL AIRPORT, IL US",9.4,59,0.0,0.0,0.0,0.0,51,64
2018-09-23,297,"CHICAGO OHARE INTERNATIONAL AIRPORT, IL US",5.14,60,0.0,0.0,0.0,0.0,50,71
2018-09-24,317,"CHICAGO OHARE INTERNATIONAL AIRPORT, IL US",6.49,65,0.0,0.0,0.0,1.0,57,74
2018-09-25,359,"CHICAGO OHARE INTERNATIONAL AIRPORT, IL US",8.72,73,0.0,0.25,1.0,1.0,61,84
2018-09-26,323,"CHICAGO OHARE INTERNATIONAL AIRPORT, IL US",8.72,61,0.0,0.0,0.0,0.0,50,67
2018-09-27,340,"CHICAGO OHARE INTERNATIONAL AIRPORT, IL US",7.61,59,0.0,0.0,0.0,1.0,48,70
2018-09-28,393,"CHICAGO OHARE INTERNATIONAL AIRPORT, IL US",6.04,58,0.0,0.07,0.0,0.0,46,60
2018-09-29,317,"CHICAGO OHARE INTERNATIONAL AIRPORT, IL US",6.04,50,0.0,0.02,0.0,0.0,42,61
2018-09-30,259,"CHICAGO OHARE INTERNATIONAL AIRPORT, IL US",7.61,57,0.0,0.06,0.0,0.0,53,62
2018-10-01,338,"CHICAGO OHARE INTERNATIONAL AIRPORT, IL US",7.16,61,0.0,1.56,1.0,0.0,57,72
2018-10-02,322,"CHICAGO OHARE INTERNATIONAL AIRPORT, IL US",5.14,62,0.0,0.01,0.0,0.0,58,67
2018-10-03,383,"CHICAGO OHARE INTERNATIONAL AIRPORT, IL US",13.87,70,0.0,0.0,0.0,1.0,59,88
2018-10-04,306,"CHICAGO OHARE INTERNATIONAL AIRPORT, IL US",16.11,66,0.0,0.04,0.0,0.0,52,77
2018-10-05,416,"CHICAGO OHARE INTERNATIONAL AIRPORT, IL US",7.16,57,0.0,1.24,1.0,0.0,54,65
2018-10-06,316,"CHICAGO OHARE INTERNATIONAL AIRPORT, IL US",8.05,64,0.0,0.12,1.0,0.0,57,70
2018-10-07,303,"CHICAGO OHARE INTERNATIONAL AIRPORT, IL US",10.51,58,0.0,0.52,1.0,0.0,57,63
2018-10-08,297,"CHICAGO OHARE INTERNATIONAL AIRPORT, IL US",8.72,69,0.0,0.15,0.0,1.0,63,85
2018-10-09,349,"CHICAGO OHARE INTERNATIONAL AIRPORT, IL US",10.29,76,0.0,0.01,0.0,0.0,70,85
2018-10-10,393,"CHICAGO OHARE INTERNATIONAL AIRPORT, IL US",13.42,73,0.0,0.35,0.0,0.0,51,75
2018-10-11,347,"CHICAGO OHARE INTERNATIONAL AIRPORT, IL US",13.87,50,0.0,0.0,0.0,0.0,40,51
2018-10-12,379,"CHICAGO OHARE INTERNATIONAL AIRPORT, IL US",6.93,40,0.0,0.0,0.0,0.0,36,42
2018-10-13,304,"CHICAGO OHARE INTERNATIONAL AIRPORT, IL US",7.61,41,0.0,0.0,0.0,1.0,32,53
2018-10-14,271,"CHICAGO OHARE INTERNATIONAL AIRPORT, IL US",5.82,46,0.0,0.07,0.0,1.0,38,54
2018-10-15,340,"CHICAGO OHARE INTERNATIONAL AIRPORT, IL US",11.41,44,0.0,0.1,0.0,0.0,37,48
2018-10-16,337,"CHICAGO OHARE INTERNATIONAL AIRPORT, IL US",12.3,43,0.0,0.0,0.0,1.0,34,59
2018-10-17,327,"CHICAGO OHARE INTERNATIONAL AIRPORT, IL US",10.07,48,0.0,0.0,0.0,0.0,38,51
2018-10-18,330,"CHICAGO OHARE INTERNATIONAL AIRPORT, IL US",5.82,45,0.0,0.0,0.0,1.0,34,58
2018-10-19,421,"CHICAGO OHARE INTERNATIONAL AIRPORT, IL US",12.3,49,0.0,0.03,0.0,1.0,46,54
2018-10-20,344,"CHICAGO OHARE INTERNATIONAL AIRPORT, IL US",14.09,48,0.0,0.0,0.0,0.0,31,51
2018-10-21,261,"CHICAGO OHARE INTERNATIONAL AIRPORT, IL US",9.17,37,0.0,0.0,0.0,0.0,28,51
2018-10-22,313,"CHICAGO OHARE INTERNATIONAL AIRPORT, IL US",7.38,48,0.0,0.0,0.0,1.0,38,64
2018-10-23,341,"CHICAGO OHARE INTERNATIONAL AIRPORT, IL US",7.16,49,0.0,0.0,0.0,1.0,38,54
2018-10-24,336,"CHICAGO OHARE INTERNATIONAL AIRPORT, IL US",3.58,44,0.0,0.0,0.0,1.0,37,52
2018-10-25,313,"CHICAGO OHARE INTERNATIONAL AIRPORT, IL US",4.92,44,0.0,0.0,0.0,0.0,37,53
2018-10-26,328,"CHICAGO OHARE INTERNATIONAL AIRPORT, IL US",8.95,48,0.0,0.0,0.0,0.0,46,53
2018-10-27,360,"CHICAGO OHARE INTERNATIONAL AIRPORT, IL US",5.14,49,0.0,0.0,0.0,1.0,43,54
2018-10-28,281,"CHICAGO OHARE INTERNATIONAL AIRPORT, IL US",11.86,47,0.0,0.12,0.0,0.0,44,51
2018-10-29,326,"CHICAGO OHARE INTERNATIONAL AIRPORT, IL US",6.04,47,0.0,0.0,0.0,0.0,40,56
2018-10-30,300,"CHICAGO OHARE INTERNATIONAL AIRPORT, IL US",7.83,51,0.0,0.3,1.0,0.0,45,64
2018-10-31,340,"CHICAGO OHARE INTERNATIONAL AIRPORT, IL US",7.16,53,0.0,0.17,0.0,1.0,47,61
2018-11-01,303,"CHICAGO OHARE INTERNATIONAL AIRPORT, IL US",12.97,51,0.0,0.0,0.0,0.0,43,52
2018-11-02,326,"CHICAGO OHARE INTERNATIONAL AIRPORT, IL US",6.93,44,0.0,0.0,0.0,0.0,37,50
2018-11-03,300,"CHICAGO OHARE INTERNATIONAL AIRPORT, IL US",7.61,42,0.0,0.06,0.0,0.0,34,50
2018-11-04,356,"CHICAGO OHARE INTERNATIONAL AIRPORT, IL US",14.99,48,0.0,0.54,0.0,0.0,46,52
2018-11-05,367,"CHICAGO OHARE INTERNATIONAL AIRPORT, IL US",9.62,48,0.0,0.37,0.0,0.0,44,51
2018-11-06,342,"CHICAGO OHARE INTERNATIONAL AIRPORT, IL US",16.33,48,0.0,0.06,0.0,0.0,38,50
2018-11-07,280,"CHICAGO OHARE INTERNATIONAL AIRPORT, IL US",14.99,38,0.0,0.0,0.0,0.0,33,39
2018-11-08,281,"CHICAGO OHARE INTERNATIONAL AIRPORT, IL US",4.03,35,0.0,0.0,0.0,1.0,33,41
2018-11-09,382,"CHICAGO OHARE INTERNATIONAL AIRPORT, IL US",12.08,34,1.0,0.13,0.0,1.0,20,37
2018-11-10,302,"CHICAGO OHARE INTERNATIONAL AIRPORT, IL US",10.96,25,0.0,0.0,0.0,0.0,20,33
2018-11-11,261,"CHICAGO OHARE INTERNATIONAL AIRPORT, IL US",8.05,33,0.0,0.0,0.0,0.0,28,41
2018-11-12,238,"CHICAGO OHARE INTERNATIONAL AIRPORT, IL US",9.62,33,0.0,0.0,0.0,0.0,24,34
2018-11-13,359,"CHICAGO OHARE INTERNATIONAL AIRPORT, IL US",9.17,25,0.0,0.0,0.0,0.0,19,29
2018-11-14,274,"CHICAGO OHARE INTERNATIONAL AIRPORT, IL US",4.92,25,0.0,0.0,0.0,0.0,17,36
2018-11-15,394,"CHICAGO OHARE INTERNATIONAL AIRPORT, IL US",5.14,31,1.1,0.09,0.0,0.0,26,35
2018-11-16,323,"CHICAGO OHARE INTERNATIONAL AIRPORT, IL US",9.62,34,0.0,0.0,0.0,0.0,29,41
2018-11-17,378,"CHICAGO OHARE INTERNATIONAL AIRPORT, IL US",7.38,34,1.5,0.13,0.0,0.0,32,35
2018-11-18,262,"CHICAGO OHARE INTERNATIONAL AIRPORT, IL US",6.04,33,0.0,0.0,0.0,1.0,25,38
2018-11-19,321,"CHICAGO OHARE INTERNATIONAL AIRPORT, IL US",8.05,28,0.0,0.0,0.0,1.0,23,34
2018-11-20,327,"CHICAGO OHARE INTERNATIONAL AIRPORT, IL US",11.63,31,0.0,0.0,0.0,0.0,29,35
2018-11-21,269,"CHICAGO OHARE INTERNATIONAL AIRPORT, IL US",10.51,32,0.0,0.0,0.0,0.0,30,36
2018-11-22,181,"CHICAGO OHARE INTERNATIONAL AIRPORT, IL US",9.62,34,0.0,0.0,0.0,0.0,31,40
2018-11-23,239,"CHICAGO OHARE INTERNATIONAL AIRPORT, IL US",11.63,40,0.0,0.04,0.0,1.0,34,51
2018-11-24,266,"CHICAGO OHARE INTERNATIONAL AIRPORT, IL US",10.74,45,0.0,0.18,0.0,0.0,40,47
2018-11-25,240,"CHICAGO OHARE INTERNATIONAL AIRPORT, IL US",15.21,38,3.3,1.2,0.0,0.0,33,40
2018-11-26,407,"CHICAGO OHARE INTERNATIONAL AIRPORT, IL US",17.45,30,5.1,0.39,0.0,0.0,24,33
2018-11-27,366,"CHICAGO OHARE INTERNATIONAL AIRPORT, IL US",8.5,24,0.0,0.0,0.0,0.0,19,25
2018-11-28,326,"CHICAGO OHARE INTERNATIONAL AIRPORT, IL US",4.7,22,0.7,0.05,0.0,0.0,17,27
2018-11-29,316,"CHICAGO OHARE INTERNATIONAL AIRPORT, IL US",5.82,30,0.0,0.0,0.0,1.0,27,38
2018-11-30,420,"CHICAGO OHARE INTERNATIONAL AIRPORT, IL US",4.92,34,0.0,0.0,0.0,1.0,28,42
2018-12-01,348,"CHICAGO OHARE INTERNATIONAL AIRPORT, IL US",12.53,38,0.0,1.13,1.0,1.0,36,42
2018-12-02,294,"CHICAGO OHARE INTERNATIONAL AIRPORT, IL US",8.95,41,0.0,0.1,0.0,0.0,35,44
2018-12-03,329,"CHICAGO OHARE INTERNATIONAL AIRPORT, IL US",12.97,34,0.3,0.01,0.0,0.0,29,35
2018-12-04,288,"CHICAGO OHARE INTERNATIONAL AIRPORT, IL US",7.83,31,0.0,0.0,0.0,0.0,28,32
2018-12-05,315,"CHICAGO OHARE INTERNATIONAL AIRPORT, IL US",10.51,28,0.0,0.0,0.0,0.0,25,33
2018-12-06,316,"CHICAGO OHARE INTERNATIONAL AIRPORT, IL US",9.84,31,0.0,0.0,0.0,0.0,19,33
2018-12-07,388,"CHICAGO OHARE INTERNATIONAL AIRPORT, IL US",6.26,21,0.0,0.0,0.0,0.0,16,25
2018-12-08,320,"CHICAGO OHARE INTERNATIONAL AIRPORT, IL US",3.8,24,0.0,0.0,0.0,0.0,20,32
2018-12-09,261,"CHICAGO OHARE INTERNATIONAL AIRPORT, IL US",4.25,24,0.0,0.0,0.0,1.0,17,35
2018-12-10,336,"CHICAGO OHARE INTERNATIONAL AIRPORT, IL US",6.93,23,0.0,0.0,0.0,1.0,16,34
2018-12-11,352,"CHICAGO OHARE INTERNATIONAL AIRPORT, IL US",7.61,30,0.0,0.0,0.0,1.0,25,38
2018-12-12,333,"CHICAGO OHARE INTERNATIONAL AIRPORT, IL US",10.74,34,0.0,0.0,0.0,0.0,29,41
2018-12-13,414,"CHICAGO OHARE INTERNATIONAL AIRPORT, IL US",4.25,33,0.0,0.15,0.0,1.0,24,46
2018-12-14,420,"CHICAGO OHARE INTERNATIONAL AIRPORT, IL US",6.71,39,0.0,0.13,0.0,0.0,32,40
2018-12-15,330,"CHICAGO OHARE INTERNATIONAL AIRPORT, IL US",7.61,35,0.0,0.0,0.0,1.0,26,46
2018-12-16,353,"CHICAGO OHARE INTERNATIONAL AIRPORT, IL US",6.49,35,0.0,0.0,0.0,0.0,25,49
2018-12-17,329,"CHICAGO OHARE INTERNATIONAL AIRPORT, IL US",7.61,37,0.0,0.0,0.0,0.0,28,42
2018-12-18,348,"CHICAGO OHARE INTERNATIONAL AIRPORT, IL US",6.71,33,0.0,0.0,0.0,1.0,25,42
2018-12-19,318,"CHICAGO OHARE INTERNATIONAL AIRPORT, IL US",10.96,39,0.0,0.0,0.0,0.0,33,49
2018-12-20,339,"CHICAGO OHARE INTERNATIONAL AIRPORT, IL US",7.83,44,0.0,0.1,0.0,0.0,38,46
2018-12-21,381,"CHICAGO OHARE INTERNATIONAL AIRPORT, IL US",13.65,35,0.0,0.05,0.0,1.0,29,38
2018-12-22,314,"CHICAGO OHARE INTERNATIONAL AIRPORT, IL US",6.26,30,0.0,0.0,0.0,1.0,28,34
2018-12-23,264,"CHICAGO OHARE INTERNATIONAL AIRPORT, IL US",11.18,33,0.0,0.0,0.0,0.0,28,38
2018-12-24,235,"CHICAGO OHARE INTERNATIONAL AIRPORT, IL US",5.82,29,0.0,0.0,0.0,0.0,23,33
2018-12-25,155,"CHICAGO OHARE INTERNATIONAL AIRPORT, IL US",3.58,34,0.0,0.0,0.0,0.0,28,45
2018-12-26,242,"CHICAGO OHARE INTERNATIONAL AIRPORT, IL US",5.14,34,0.0,0.0,0.0,1.0,26,47
2018-12-27,306,"CHICAGO OHARE INTERNATIONAL AIRPORT, IL US",15.66,42,0.0,0.66,0.0,0.0,39,53
2018-12-28,287,"CHICAGO OHARE INTERNATIONAL AIRPORT, IL US",15.21,42,0.2,0.08,0.0,0.0,30,53
2018-12-29,413,"CHICAGO OHARE INTERNATIONAL AIRPORT, IL US",7.61,29,0.9,0.05,0.0,0.0,22,30
2018-12-30,274,"CHICAGO OHARE INTERNATIONAL AIRPORT, IL US",11.18,26,0.0,0.0,0.0,0.0,19,36
2018-12-31,379,"CHICAGO OHARE INTERNATIONAL AIRPORT, IL US",8.72,34,0.0,0.86,0.0,0.0,31,39
2019-01-01,298,"CHICAGO OHARE INTERNATIONAL AIRPORT, IL US",7.61,31,0.1,0.01,0.0,0.0,26,34
2019-01-02,212,"CHICAGO OHARE INTERNATIONAL AIRPORT, IL US",8.72,28,0.1,0.01,0.0,0.0,26,30
2019-01-03,296,"CHICAGO OHARE INTERNATIONAL AIRPORT, IL US",11.63,29,0.0,0.0,0.0,0.0,24,38
2019-01-04,280,"CHICAGO OHARE INTERNATIONAL AIRPORT, IL US",8.05,37,0.0,0.0,0.0,0.0,31,48
2019-01-05,267,"CHICAGO OHARE INTERNATIONAL AIRPORT, IL US",8.28,39,0.0,0.0,0.0,0.0,32,52
2019-01-06,188,"CHICAGO OHARE INTERNATIONAL AIRPORT, IL US",11.63,38,0.0,0.0,0.0,0.0,30,40
2019-01-07,281,"CHICAGO OHARE INTERNATIONAL AIRPORT, IL US",15.66,44,0.0,0.44,0.0,0.0,40,53
2019-01-08,236,"CHICAGO OHARE INTERNATIONAL AIRPORT, IL US",14.54,41,0.0,0.0,0.0,0.0,24,45
2019-01-09,254,"CHICAGO OHARE INTERNATIONAL AIRPORT, IL US",13.65,23,0.0,0.0,0.0,0.0,15,24
2019-01-10,243,"CHICAGO OHARE INTERNATIONAL AIRPORT, IL US",4.47,18,0.0,0.0,0.0,0.0,14,24
2019-01-11,297,"CHICAGO OHARE INTERNATIONAL AIRPORT, IL US",4.92,23,0.0,0.0,0.0,0.0,17,30
2019-01-12,584,"CHICAGO OHARE INTERNATIONAL AIRPORT, IL US",11.41,30,2.2,0.12,0.0,1.0,29,32
2019-01-13,210,"CHICAGO OHARE INTERNATIONAL AIRPORT, IL US",12.53,30,0.3,0.01,0.0,0.0,25,31
2019-01-14,270,"CHICAGO OHARE INTERNATIONAL AIRPORT, IL US",8.28,25,0.0,0.0,0.0,1.0,23,27
2019-01-15,274,"CHICAGO OHARE INTERNATIONAL AIRPORT, IL US",11.18,26,0.0,0.0,0.0,0.0,24,32
2019-01-16,307,"CHICAGO OHARE INTERNATIONAL AIRPORT, IL US",9.4,31,0.0,0.0,0.0,0.0,28,34
2019-01-17,283,"CHICAGO OHARE INTERNATIONAL AIRPORT, IL US",5.59,30,0.0,0.0,0.0,1.0,28,35
2019-01-18,314,"CHICAGO OHARE INTERNATIONAL AIRPORT, IL US",10.51,30,1.3,0.12,0.0,0.0,27,31
2019-01-19,249,"CHICAGO OHARE INTERNATIONAL AIRPORT, IL US",20.13,26,3.7,0.18,0.0,0.0,11,28
2019-01-20,244,"CHICAGO OHARE INTERNATIONAL AIRPORT, IL US",13.42,12,0.0,0.0,0.0,0.0,4,14
2019-01-21,279,"CHICAGO OHARE INTERNATIONAL AIRPORT, IL US",8.5,9,0.1,0.0,0.0,1.0,3,17
2019-01-22,306,"CHICAGO OHARE INTERNATIONAL AIRPORT, IL US",9.4,19,0.5,0.18,0.0,0.0,13,33
2019-01-23,323,"CHICAGO OHARE INTERNATIONAL AIRPORT, IL US",9.84,29,1.0,0.22,0.0,0.0,19,34
2019-01-24,386,"CHICAGO OHARE INTERNATIONAL AIRPORT, IL US",11.63,17,0.4,0.0,0.0,1.0,2,22
2019-01-25,362,"CHICAGO OHARE INTERNATIONAL AIRPORT, IL US",9.4,1,0.7,0.03,0.0,0.0,-6,5
2019-01-26,320,"CHICAGO OHARE INTERNATIONAL AIRPORT, IL US",5.82,2,1.7,0.06,0.0,0.0,-7,12
2019-01-27,270,"CHICAGO OHARE INTERNATIONAL AIRPORT, IL US",6.93,4,0.0,0.0,0.0,0.0,-5,11
2019-01-28,340,"CHICAGO OHARE INTERNATIONAL AIRPORT, IL US",12.75,18,5.0,0.53,0.0,1.0,8,34
2019-01-29,374,"CHICAGO OHARE INTERNATIONAL AIRPORT, IL US",14.54,6,0.3,0.0,0.0,1.0,-10,10
2019-01-30,175,"CHICAGO OHARE INTERNATIONAL AIRPORT, IL US",15.21,-15,0.0,0.0,0.0,0.0,-23,-10
2019-01-31,359,"CHICAGO OHARE INTERNATIONAL AIRPORT, IL US",6.26,-15,0.8,0.05,0.0,1.0,-21,1
2019-02-01,391,"CHICAGO OHARE INTERNATIONAL AIRPORT, IL US",5.14,7,0.9,0.02,0.0,1.0,1,21
2019-02-02,305,"CHICAGO OHARE INTERNATIONAL AIRPORT, IL US",11.18,26,0.0,0.0,0.0,1.0,14,42
2019-02-03,214,"CHICAGO OHARE INTERNATIONAL AIRPORT, IL US",10.07,42,0.0,0.0,0.0,0.0,39,48
2019-02-04,269,"CHICAGO OHARE INTERNATIONAL AIRPORT, IL US",11.41,47,0.0,0.05,0.0,0.0,30,51
2019-02-05,296,"CHICAGO OHARE INTERNATIONAL AIRPORT, IL US",9.4,29,0.0,0.31,0.0,0.0,24,33
2019-02-06,246,"CHICAGO OHARE INTERNATIONAL AIRPORT, IL US",8.5,33,0.0,0.01,0.0,0.0,32,36
2019-02-07,331,"CHICAGO OHARE INTERNATIONAL AIRPORT, IL US",12.97,36,0.0,0.71,1.0,0.0,10,44
2019-02-08,363,"CHICAGO OHARE INTERNATIONAL AIRPORT, IL US",17.67,11,0.0,0.0,0.0,0.0,4,13
2019-02-09,293,"CHICAGO OHARE INTERNATIONAL AIRPORT, IL US",5.82,12,0.0,0.0,0.0,0.0,4,24
2019-02-10,296,"CHICAGO OHARE INTERNATIONAL AIRPORT, IL US",6.93,23,0.7,0.04,0.0,1.0,22,28
2019-02-11,351,"CHICAGO OHARE INTERNATIONAL AIRPORT, IL US",12.3,28,0.1,0.19,0.0,0.0,27,31
2019-02-12,309,"CHICAGO OHARE INTERNATIONAL AIRPORT, IL US",13.65,32,1.5,0.35,0.0,0.0,19,34
2019-02-13,383,"CHICAGO OHARE INTERNATIONAL AIRPORT, IL US",12.75,18,0.6,0.01,0.0,0.0,10,27
2019-02-14,370,"CHICAGO OHARE INTERNATIONAL AIRPORT, IL US",10.51,36,0.0,0.0,0.0,1.0,27,50
2019-02-15,346,"CHICAGO OHARE INTERNATIONAL AIRPORT, IL US",12.53,23,0.0,0.0,0.0,1.0,8,32
2019-02-16,255,"CHICAGO OHARE INTERNATIONAL AIRPORT, IL US",8.95,19,0.0,0.0,0.0,0.0,13,29
2019-02-17,246,"CHICAGO OHARE INTERNATIONAL AIRPORT, IL US",11.18,25,3.1,0.2,0.0,1.0,24,27
2019-02-18,281,"CHICAGO OHARE INTERNATIONAL AIRPORT, IL US",7.61,25,1.8,0.06,0.0,0.0,18,31
2019-02-19,307,"CHICAGO OHARE INTERNATIONAL AIRPORT, IL US",4.7,22,0.0,0.0,0.0,0.0,12,35
2019-02-20,287,"CHICAGO OHARE INTERNATIONAL AIRPORT, IL US",13.87,31,0.2,0.09,0.0,0.0,28,38
2019-02-21,279,"CHICAGO OHARE INTERNATIONAL AIRPORT, IL US",10.74,31,0.0,0.0,0.0,0.0,24,35
2019-02-22,347,"CHICAGO OHARE INTERNATIONAL AIRPORT, IL US",7.61,29,0.0,0.0,0.0,1.0,19,41
2019-02-23,346,"CHICAGO OHARE INTERNATIONAL AIRPORT, IL US",10.29,36,0.0,0.75,1.0,1.0,34,53
2019-02-24,239,"CHICAGO OHARE INTERNATIONAL AIRPORT, IL US",24.38,37,0.0,0.02,0.0,0.0,10,50
2019-02-25,285,"CHICAGO OHARE INTERNATIONAL AIRPORT, IL US",10.51,12,0.0,0.0,0.0,0.0,6,19
2019-02-26,342,"CHICAGO OHARE INTERNATIONAL AIRPORT, IL US",12.53,17,0.1,0.0,0.0,0.0,13,23
2019-02-27,272,"CHICAGO OHARE INTERNATIONAL AIRPORT, IL US",10.07,25,0.0,0.0,0.0,1.0,14,30
2019-02-28,337,"CHICAGO OHARE INTERNATIONAL AIRPORT, IL US",4.47,18,0.0,0.0,0.0,0.0,11,27
2019-03-01,344,"CHICAGO OHARE INTERNATIONAL AIRPORT, IL US",5.82,27,0.0,0.0,0.0,0.0,23,34
2019-03-02,307,"CHICAGO OHARE INTERNATIONAL AIRPORT, IL US",8.5,29,0.0,0.0,0.0,0.0,25,33
2019-03-03,221,"CHICAGO OHARE INTERNATIONAL AIRPORT, IL US",12.08,22,0.0,0.0,0.0,0.0,3,25
2019-03-04,315,"CHICAGO OHARE INTERNATIONAL AIRPORT, IL US",14.99,5,0.0,0.0,0.0,1.0,-3,12
2019-03-05,346,"CHICAGO OHARE INTERNATIONAL AIRPORT, IL US",15.43,12,0.2,0.0,0.0,1.0,8,21
2019-03-06,314,"CHICAGO OHARE INTERNATIONAL AIRPORT, IL US",11.86,16,0.0,0.0,0.0,1.0,9,30
2019-03-07,291,"CHICAGO OHARE INTERNATIONAL AIRPORT, IL US",6.04,23,0.0,0.0,0.0,0.0,14,28
2019-03-08,356,"CHICAGO OHARE INTERNATIONAL AIRPORT, IL US",5.37,28,0.1,0.0,0.0,1.0,21,39
2019-03-09,329,"CHICAGO OHARE INTERNATIONAL AIRPORT, IL US",14.09,33,0.0,0.56,1.0,1.0,26,43
2019-03-10,258,"CHICAGO OHARE INTERNATIONAL AIRPORT, IL US",19.69,37,0.0,0.0,0.0,0.0,29,38
2019-03-11,266,"CHICAGO OHARE INTERNATIONAL AIRPORT, IL US",9.62,32,0.0,0.0,0.0,0.0,27,41
2019-03-12,332,"CHICAGO OHARE INTERNATIONAL AIRPORT, IL US",9.17,35,0.0,0.0,0.0,0.0,24,49
2019-03-13,291,"CHICAGO OHARE INTERNATIONAL AIRPORT, IL US",11.86,45,0.0,0.54,0.0,0.0,40,58
2019-03-14,314,"CHICAGO OHARE INTERNATIONAL AIRPORT, IL US",20.36,55,0.0,0.4,1.0,0.0,39,62
2019-03-15,383,"CHICAGO OHARE INTERNATIONAL AIRPORT, IL US",14.99,38,0.0,0.0,0.0,0.0,32,40
2019-03-16,342,"CHICAGO OHARE INTERNATIONAL AIRPORT, IL US",8.5,34,0.0,0.0,0.0,0.0,28,41
2019-03-17,295,"CHICAGO OHARE INTERNATIONAL AIRPORT, IL US",7.61,35,0.0,0.0,0.0,0.0,28,43
2019-03-18,311,"CHICAGO OHARE INTERNATIONAL AIRPORT, IL US",7.61,35,0.0,0.0,0.0,0.0,27,43
2019-03-19,325,"CHICAGO OHARE INTERNATIONAL AIRPORT, IL US",7.83,39,0.0,0.0,0.0,0.0,30,49
2019-03-20,324,"CHICAGO OHARE INTERNATIONAL AIRPORT, IL US",8.5,42,0.0,0.14,0.0,0.0,38,44
2019-03-21,298,"CHICAGO OHARE INTERNATIONAL AIRPORT, IL US",11.18,40,0.0,0.0,0.0,0.0,36,45
2019-03-22,366,"CHICAGO OHARE INTERNATIONAL AIRPORT, IL US",10.96,40,0.0,0.0,0.0,0.0,29,46
2019-03-23,327,"CHICAGO OHARE INTERNATIONAL AIRPORT, IL US",4.47,36,0.0,0.0,0.0,0.0,25,53
2019-03-24,286,"CHICAGO OHARE INTERNATIONAL AIRPORT, IL US",8.72,45,0.0,0.05,0.0,0.0,34,50
2019-03-25,310,"CHICAGO OHARE INTERNATIONAL AIRPORT, IL US",17.45,36,0.0,0.0,0.0,0.0,26,42
2019-03-26,315,"CHICAGO OHARE INTERNATIONAL AIRPORT, IL US",4.92,35,0.0,0.0,0.0,0.0,23,48
2019-03-27,299,"CHICAGO OHARE INTERNATIONAL AIRPORT, IL US",12.08,42,0.0,0.01,1.0,0.0,29,59
2019-03-28,323,"CHICAGO OHARE INTERNATIONAL AIRPORT, IL US",12.08,53,0.0,0.0,0.0,0.0,44,65
2019-03-29,344,"CHICAGO OHARE INTERNATIONAL AIRPORT, IL US",8.5,47,0.0,0.32,0.0,0.0,37,57
2019-03-30,326,"CHICAGO OHARE INTERNATIONAL AIRPORT, IL US",12.97,40,0.0,0.07,0.0,0.0,29,45
2019-03-31,252,"CHICAGO OHARE INTERNATIONAL AIRPORT, IL US",11.41,31,0.0,0.0,0.0,0.0,23,40
2019-04-01,319,"CHICAGO OHARE INTERNATIONAL AIRPORT, IL US",12.75,35,0.0,0.0,0.0,0.0,26,49
2019-04-02,280,"CHICAGO OHARE INTERNATIONAL AIRPORT, IL US",14.09,45,0.0,0.0,0.0,1.0,39,55
2019-04-03,298,"CHICAGO OHARE INTERNATIONAL AIRPORT, IL US",9.4,45,0.0,0.0,0.0,0.0,37,58
2019-04-04,367,"CHICAGO OHARE INTERNATIONAL AIRPORT, IL US",9.84,46,0.0,0.25,0.0,0.0,39,47
2019-04-05,326,"CHICAGO OHARE INTERNATIONAL AIRPORT, IL US",3.58,44,0.0,0.0,0.0,1.0,39,57
2019-04-06,295,"CHICAGO OHARE INTERNATIONAL AIRPORT, IL US",4.92,52,0.0,0.0,0.0,1.0,39,66
2019-04-07,262,"CHICAGO OHARE INTERNATIONAL AIRPORT, IL US",8.28,56,0.0,0.39,1.0,0.0,51,67
2019-04-08,344,"CHICAGO OHARE INTERNATIONAL AIRPORT, IL US",8.5,61,0.0,0.0,0.0,0.0,52,73
2019-04-09,331,"CHICAGO OHARE INTERNATIONAL AIRPORT, IL US",11.86,60,0.0,0.0,0.0,0.0,39,66
2019-04-10,316,"CHICAGO OHARE INTERNATIONAL AIRPORT, IL US",17.9,40,0.0,0.13,0.0,0.0,34,39
2019-04-11,300,"CHICAGO OHARE INTERNATIONAL AIRPORT, IL US",16.11,42,0.0,0.28,1.0,0.0,37,56
2019-04-12,394,"CHICAGO OHARE INTERNATIONAL AIRPORT, IL US",16.55,48,0.0,0.07,0.0,0.0,38,51
2019-04-13,296,"CHICAGO OHARE INTERNATIONAL AIRPORT, IL US",12.3,42,0.0,0.0,0.0,0.0,35,52
2019-04-14,334,"CHICAGO OHARE INTERNATIONAL AIRPORT, IL US",18.12,37,5.4,0.69,0.0,0.0,32,39
2019-04-15,336,"CHICAGO OHARE INTERNATIONAL AIRPORT, IL US",8.28,38,0.0,0.0,0.0,0.0,31,52
2019-04-16,275,"CHICAGO OHARE INTERNATIONAL AIRPORT, IL US",10.29,56,0.0,0.0,0.0,0.0,45,73
2019-04-17,250,"CHICAGO OHARE INTERNATIONAL AIRPORT, IL US",12.08,55,0.0,0.0,0.0,1.0,44,77
2019-04-18,316,"CHICAGO OHARE INTERNATIONAL AIRPORT, IL US",12.08,58,0.0,0.31,0.0,0.0,44,65
2019-04-19,293,"CHICAGO OHARE INTERNATIONAL AIRPORT, IL US",25.95,45,0.0,0.0,0.0,0.0,41,51
2019-04-20,321,"CHICAGO OHARE INTERNATIONAL AIRPORT, IL US",13.87,49,0.0,0.0,0.0,0.0,36,64
2019-04-21,272,"CHICAGO OHARE INTERNATIONAL AIRPORT, IL US",8.72,58,0.0,0.0,0.0,0.0,44,77
2019-04-22,291,"CHICAGO OHARE INTERNATIONAL AIRPORT, IL US",13.2,68,0.0,0.02,1.0,0.0,58,80
2019-04-23,271,"CHICAGO OHARE INTERNATIONAL AIRPORT, IL US",8.95,59,0.0,0.0,0.0,0.0,49,65
2019-04-24,285,"CHICAGO OHARE INTERNATIONAL AIRPORT, IL US",5.82,53,0.0,0.0,0.0,0.0,42,64
2019-04-25,300,"CHICAGO OHARE INTERNATIONAL AIRPORT, IL US",6.71,57,0.0,0.19,0.0,1.0,46,67
2019-04-26,400,"CHICAGO OHARE INTERNATIONAL AIRPORT, IL US",14.32,56,0.0,0.02,0.0,0.0,49,63
2019-04-27,387,"CHICAGO OHARE INTERNATIONAL AIRPORT, IL US",12.53,42,2.5,0.79,0.0,0.0,32,49
2019-04-28,264,"CHICAGO OHARE INTERNATIONAL AIRPORT, IL US",9.62,39,0.0,0.0,0.0,0.0,31,52
2019-04-29,331,"CHICAGO OHARE INTERNATIONAL AIRPORT, IL US",8.95,45,0.0,1.58,0.0,0.0,43,51
2019-04-30,350,"CHICAGO OHARE INTERNATIONAL AIRPORT, IL US",12.53,44,0.0,1.3,1.0,0.0,38,47
2019-05-01,331,"CHICAGO OHARE INTERNATIONAL AIRPORT, IL US",8.28,50,0.0,0.8,0.0,0.0,43,58
2019-05-02,305,"CHICAGO OHARE INTERNATIONAL AIRPORT, IL US",10.29,44,0.0,0.61,0.0,0.0,41,47
2019-05-03,394,"CHICAGO OHARE INTERNATIONAL AIRPORT, IL US",11.18,47,0.0,0.01,0.0,0.0,40,55
2019-05-04,360,"CHICAGO OHARE INTERNATIONAL AIRPORT, IL US",5.37,49,0.0,0.0,0.0,0.0,38,63
2019-05-05,307,"CHICAGO OHARE INTERNATIONAL AIRPORT, IL US",6.49,58,0.0,0.0,0.0,0.0,46,73
2019-05-06,325,"CHICAGO OHARE INTERNATIONAL AIRPORT, IL US",10.07,59,0.0,0.05,0.0,0.0,45,70
2019-05-07,348,"CHICAGO OHARE INTERNATIONAL AIRPORT, IL US",14.54,46,0.0,0.42,0.0,0.0,43,50
2019-05-08,322,"CHICAGO OHARE INTERNATIONAL AIRPORT, IL US",12.08,50,0.0,0.32,0.0,0.0,46,68
2019-05-09,367,"CHICAGO OHARE INTERNATIONAL AIRPORT, IL US",11.41,61,0.0,0.79,0.0,0.0,46,67
2019-05-10,393,"CHICAGO OHARE INTERNATIONAL AIRPORT, IL US",8.5,50,0.0,0.0,0.0,0.0,44,58
2019-05-11,358,"CHICAGO OHARE INTERNATIONAL AIRPORT, IL US",8.5,48,0.0,0.12,0.0,0.0,44,53
2019-05-12,279,"CHICAGO OHARE INTERNATIONAL AIRPORT, IL US",11.41,46,0.0,0.05,0.0,0.0,42,52
2019-05-13,338,"CHICAGO OHARE INTERNATIONAL AIRPORT, IL US",7.38,50,0.0,0.0,0.0,0.0,42,61
2019-05-14,348,"CHICAGO OHARE INTERNATIONAL AIRPORT, IL US",4.7,54,0.0,0.0,0.0,0.0,41,71
2019-05-15,338,"CHICAGO OHARE INTERNATIONAL AIRPORT, IL US",5.14,62,0.0,0.0,0.0,0.0,50,75
2019-05-16,335,"CHICAGO OHARE INTERNATIONAL AIRPORT, IL US",9.62,66,0.0,0.44,1.0,0.0,60,77
2019-05-17,389,"CHICAGO OHARE INTERNATIONAL AIRPORT, IL US",12.3,58,0.0,0.06,1.0,0.0,45,68
2019-05-18,352,"CHICAGO OHARE INTERNATIONAL AIRPORT, IL US",7.61,56,0.0,0.41,1.0,0.0,44,80
2019-05-19,313,"CHICAGO OHARE INTERNATIONAL AIRPORT, IL US",14.54,63,0.0,0.07,1.0,0.0,47,74
2019-05-20,327,"CHICAGO OHARE INTERNATIONAL AIRPORT, IL US",10.51,53,0.0,0.0,0.0,0.0,45,57
2019-05-21,359,"CHICAGO OHARE INTERNATIONAL AIRPORT, IL US",14.99,49,0.0,0.33,1.0,0.0,45,54
2019-05-22,413,"CHICAGO OHARE INTERNATIONAL AIRPORT, IL US",14.76,61,0.0,0.59,1.0,0.0,49,82
2019-05-23,365,"CHICAGO OHARE INTERNATIONAL AIRPORT, IL US",11.41,70,0.0,0.08,1.0,0.0,61,74
2019-05-24,360,"CHICAGO OHARE INTERNATIONAL AIRPORT, IL US",7.61,62,0.0,0.26,1.0,0.0,54,75
2019-05-25,339,"CHICAGO OHARE INTERNATIONAL AIRPORT, IL US",11.63,74,0.0,0.0,0.0,0.0,70,81
2019-05-26,245,"CHICAGO OHARE INTERNATIONAL AIRPORT, IL US",5.82,70,0.0,0.0,0.0,0.0,54,74
2019-05-27,228,"CHICAGO OHARE INTERNATIONAL AIRPORT, IL US",7.61,61,0.0,1.92,1.0,0.0,53,73
2019-05-28,386,"CHICAGO OHARE INTERNATIONAL AIRPORT, IL US",9.4,65,0.0,0.63,1.0,0.0,52,70
2019-05-29,344,"CHICAGO OHARE INTERNATIONAL AIRPORT, IL US",6.49,60,0.0,0.07,0.0,0.0,52,75
2019-05-30,384,"CHICAGO OHARE INTERNATIONAL AIRPORT, IL US",6.71,66,0.0,0.22,1.0,0.0,60,78
2019-05-31,414,"CHICAGO OHARE INTERNATIONAL AIRPORT, IL US",9.4,71,0.0,0.0,0.0,0.0,60,81
2019-06-01,347,"CHICAGO OHARE INTERNATIONAL AIRPORT, IL US",8.95,71,0.0,0.0,1.0,0.0,53,80
2019-06-02,281,"CHICAGO OHARE INTERNATIONAL AIRPORT, IL US",8.72,60,0.0,0.0,0.0,0.0,51,70
2019-06-03,322,"CHICAGO OHARE INTERNATIONAL AIRPORT, IL US",8.05,58,0.0,0.0,0.0,0.0,49,67
2019-06-04,371,"CHICAGO OHARE INTERNATIONAL AIRPORT, IL US",10.51,64,0.0,0.29,1.0,0.0,56,82
2019-06-05,408,"CHICAGO OHARE INTERNATIONAL AIRPORT, IL US",9.4,74,0.0,0.29,1.0,0.0,59,83
2019-06-06,334,"CHICAGO OHARE INTERNATIONAL AIRPORT, IL US",6.93,65,0.0,0.0,0.0,1.0,56,75
2019-06-07,429,"CHICAGO OHARE INTERNATIONAL AIRPORT, IL US",8.95,66,0.0,0.0,0.0,0.0,55,78
2019-06-08,333,"CHICAGO OHARE INTERNATIONAL AIRPORT, IL US",9.17,67,0.0,0.0,0.0,0.0,57,76
2019-06-09,289,"CHICAGO OHARE INTERNATIONAL AIRPORT, IL US",5.82,69,0.0,0.0,0.0,0.0,63,75
2019-06-10,353,"CHICAGO OHARE INTERNATIONAL AIRPORT, IL US",13.65,67,0.0,0.0,0.0,0.0,60,74
2019-06-11,356,"CHICAGO OHARE INTERNATIONAL AIRPORT, IL US",8.28,69,0.0,0.0,0.0,0.0,57,82
2019-06-12,377,"CHICAGO OHARE INTERNATIONAL AIRPORT, IL US",10.07,67,0.0,0.75,0.0,0.0,52,71
2019-06-13,364,"CHICAGO OHARE INTERNATIONAL AIRPORT, IL US",14.09,58,0.0,0.05,0.0,0.0,51,68
2019-06-14,450,"CHICAGO OHARE INTERNATIONAL AIRPORT, IL US",14.54,65,0.0,0.05,0.0,0.0,52,80
2019-06-15,408,"CHICAGO OHARE INTERNATIONAL AIRPORT, IL US",8.28,67,0.0,0.02,0.0,0.0,54,70
2019-06-16,287,"CHICAGO OHARE INTERNATIONAL AIRPORT, IL US",9.62,57,0.0,0.07,0.0,0.0,54,60
2019-06-17,323,"CHICAGO OHARE INTERNATIONAL AIRPORT, IL US",7.61,59,0.0,0.0,0.0,0.0,55,67
2019-06-18,325,"CHICAGO OHARE INTERNATIONAL AIRPORT, IL US",4.25,64,0.0,0.0,0.0,1.0,54,78
2019-06-19,351,"CHICAGO OHARE INTERNATIONAL AIRPORT, IL US",9.4,67,0.0,0.18,0.0,1.0,56,72
2019-06-20,324,"CHICAGO OHARE INTERNATIONAL AIRPORT, IL US",9.84,60,0.0,0.28,0.0,0.0,54,71
2019-06-21,334,"CHICAGO OHARE INTERNATIONAL AIRPORT, IL US",7.16,63,0.0,0.0,0.0,0.0,52,72
2019-06-22,354,"CHICAGO OHARE INTERNATIONAL AIRPORT, IL US",10.29,67,0.0,0.0,0.0,0.0,58,79
2019-06-23,326,"CHICAGO OHARE INTERNATIONAL AIRPORT, IL US",10.29,73,0.0,0.38,1.0,0.0,63,81
2019-06-24,337,"CHICAGO OHARE INTERNATIONAL AIRPORT, IL US",9.62,71,0.0,0.17,1.0,0.0,66,78
2019-06-25,412,"CHICAGO OHARE INTERNATIONAL AIRPORT, IL US",11.18,72,0.0,0.14,1.0,0.0,62,85
2019-06-26,394,"CHICAGO OHARE INTERNATIONAL AIRPORT, IL US",5.82,78,0.0,0.15,1.0,0.0,68,89
2019-06-27,350,"CHICAGO OHARE INTERNATIONAL AIRPORT, IL US",7.61,77,0.0,0.02,1.0,0.0,68,89
2019-06-28,395,"CHICAGO OHARE INTERNATIONAL AIRPORT, IL US",7.61,76,0.0,0.01,1.0,0.0,71,90
2019-06-29,374,"CHICAGO OHARE INTERNATIONAL AIRPORT, IL US",5.14,78,0.0,0.0,0.0,0.0,69,87
2019-06-30,348,"CHICAGO OHARE INTERNATIONAL AIRPORT, IL US",5.82,78,0.0,0.2,1.0,0.0,70,91
2019-07-01,399,"CHICAGO OHARE INTERNATIONAL AIRPORT, IL US",6.26,77,0.0,0.0,0.0,0.0,69,89
2019-07-02,377,"CHICAGO OHARE INTERNATIONAL AIRPORT, IL US",9.84,84,0.0,0.01,1.0,0.0,74,92
2019-07-03,404,"CHICAGO OHARE INTERNATIONAL AIRPORT, IL US",6.71,78,0.0,0.41,1.0,0.0,69,86
2019-07-04,280,"CHICAGO OHARE INTERNATIONAL AIRPORT, IL US",8.28,78,0.0,0.0,0.0,1.0,70,91
2019-07-05,360,"CHICAGO OHARE INTERNATIONAL AIRPORT, IL US",6.04,81,0.0,0.47,1.0,0.0,73,91
2019-07-06,272,"CHICAGO OHARE INTERNATIONAL AIRPORT, IL US",12.53,78,0.0,0.0,0.0,0.0,67,83
2019-07-07,266,"CHICAGO OHARE INTERNATIONAL AIRPORT, IL US",13.87,70,0.0,0.0,0.0,0.0,64,77
2019-07-08,325,"CHICAGO OHARE INTERNATIONAL AIRPORT, IL US",6.71,71,0.0,0.0,0.0,0.0,60,83
2019-07-09,304,"CHICAGO OHARE INTERNATIONAL AIRPORT, IL US",7.16,74,0.0,0.0,0.0,0.0,61,88
2019-07-10,353,"CHICAGO OHARE INTERNATIONAL AIRPORT, IL US",10.51,83,0.0,0.01,0.0,0.0,75,94
2019-07-11,339,"CHICAGO OHARE INTERNATIONAL AIRPORT, IL US",8.05,78,0.0,0.0,0.0,0.0,65,82
2019-07-12,384,"CHICAGO OHARE INTERNATIONAL AIRPORT, IL US",6.04,72,0.0,0.0,0.0,0.0,59,87
2019-07-13,374,"CHICAGO OHARE INTERNATIONAL AIRPORT, IL US",9.62,82,0.0,0.0,0.0,0.0,72,94
2019-07-14,296,"CHICAGO OHARE INTERNATIONAL AIRPORT, IL US",6.49,79,0.0,0.0,1.0,0.0,70,91
2019-07-15,350,"CHICAGO OHARE INTERNATIONAL AIRPORT, IL US",11.63,81,0.0,0.0,0.0,0.0,74,92
2019-07-16,372,"CHICAGO OHARE INTERNATIONAL AIRPORT, IL US",6.49,77,0.0,0.05,0.0,0.0,71,82
2019-07-17,343,"CHICAGO OHARE INTERNATIONAL AIRPORT, IL US",5.37,80,0.0,0.47,1.0,1.0,74,92
2019-07-18,355,"CHICAGO OHARE INTERNATIONAL AIRPORT, IL US",10.96,77,0.0,1.36,1.0,0.0,71,87
2019-07-19,397,"CHICAGO OHARE INTERNATIONAL AIRPORT, IL US",11.86,85,0.0,0.0,0.0,0.0,81,93
2019-07-20,393,"CHICAGO OHARE INTERNATIONAL AIRPORT, IL US",11.63,85,0.0,0.08,1.0,0.0,73,95
2019-07-21,286,"CHICAGO OHARE INTERNATIONAL AIRPORT, IL US",12.3,74,0.0,0.76,1.0,1.0,67,79
2019-07-22,343,"CHICAGO OHARE INTERNATIONAL AIRPORT, IL US",12.75,70,0.0,0.0,0.0,0.0,62,75
2019-07-23,322,"CHICAGO OHARE INTERNATIONAL AIRPORT, IL US",7.61,70,0.0,0.0,0.0,0.0,62,80
2019-07-24,327,"CHICAGO OHARE INTERNATIONAL AIRPORT, IL US",5.14,71,0.0,0.0,0.0,0.0,62,81
2019-07-25,334,"CHICAGO OHARE INTERNATIONAL AIRPORT, IL US",4.92,73,0.0,0.0,0.0,0.0,63,85
2019-07-26,374,"CHICAGO OHARE INTERNATIONAL AIRPORT, IL US",9.4,76,0.0,0.0,0.0,0.0,67,85
2019-07-27,354,"CHICAGO OHARE INTERNATIONAL AIRPORT, IL US",13.65,80,0.0,0.0,0.0,0.0,71,89
2019-07-28,318,"CHICAGO OHARE INTERNATIONAL AIRPORT, IL US",11.41,81,0.0,0.0,0.0,0.0,73,89
2019-07-29,328,"CHICAGO OHARE INTERNATIONAL AIRPORT, IL US",8.05,77,0.0,0.32,1.0,0.0,70,82
2019-07-30,338,"CHICAGO OHARE INTERNATIONAL AIRPORT, IL US",7.83,73,0.0,0.0,0.0,0.0,65,78
2019-07-31,329,"CHICAGO OHARE INTERNATIONAL AIRPORT, IL US",8.95,69,0.0,0.0,0.0,0.0,59,76
2019-08-01,344,"CHICAGO OHARE INTERNATIONAL AIRPORT, IL US",6.93,69,0.0,0.0,0.0,0.0,57,80
2019-08-02,400,"CHICAGO OHARE INTERNATIONAL AIRPORT, IL US",5.37,72,0.0,0.0,0.0,0.0,61,83
2019-08-03,343,"CHICAGO OHARE INTERNATIONAL AIRPORT, IL US",3.8,75,0.0,0.0,0.0,1.0,63,89
2019-08-04,301,"CHICAGO OHARE INTERNATIONAL AIRPORT, IL US",4.7,79,0.0,0.0,0.0,0.0,70,89
2019-08-05,360,"CHICAGO OHARE INTERNATIONAL AIRPORT, IL US",8.28,79,0.0,0.0,0.0,0.0,70,90
2019-08-06,307,"CHICAGO OHARE INTERNATIONAL AIRPORT, IL US",6.71,76,0.0,0.01,0.0,0.0,67,85
2019-08-07,324,"CHICAGO OHARE INTERNATIONAL AIRPORT, IL US",7.83,77,0.0,0.0,0.0,0.0,66,88
2019-08-08,336,"CHICAGO OHARE INTERNATIONAL AIRPORT, IL US",10.07,79,0.0,0.01,1.0,0.0,67,87
2019-08-09,361,"CHICAGO OHARE INTERNATIONAL AIRPORT, IL US",5.82,73,0.0,0.0,0.0,0.0,62,83
2019-08-10,338,"CHICAGO OHARE INTERNATIONAL AIRPORT, IL US",5.37,74,0.0,0.0,0.0,0.0,67,86
2019-08-11,285,"CHICAGO OHARE INTERNATIONAL AIRPORT, IL US",7.38,74,0.0,0.0,0.0,0.0,67,82
2019-08-12,341,"CHICAGO OHARE INTERNATIONAL AIRPORT, IL US",4.92,76,0.0,0.5,0.0,0.0,71,84
2019-08-13,277,"CHICAGO OHARE INTERNATIONAL AIRPORT, IL US",6.71,75,0.0,0.19,1.0,0.0,67,86
2019-08-14,320,"CHICAGO OHARE INTERNATIONAL AIRPORT, IL US",7.16,72,0.0,0.0,0.0,0.0,66,83
2019-08-15,279,"CHICAGO OHARE INTERNATIONAL AIRPORT, IL US",7.83,70,0.0,0.0,0.0,0.0,63,79
2019-08-16,332,"CHICAGO OHARE INTERNATIONAL AIRPORT, IL US",7.61,72,0.0,0.0,0.0,0.0,64,84
2019-08-17,350,"CHICAGO OHARE INTERNATIONAL AIRPORT, IL US",4.92,73,0.0,0.18,1.0,1.0,67,77
2019-08-18,255,"CHICAGO OHARE INTERNATIONAL AIRPORT, IL US",7.83,74,0.0,0.86,1.0,0.0,68,82
2019-08-19,276,"CHICAGO OHARE INTERNATIONAL AIRPORT, IL US",4.7,76,0.0,0.0,0.0,0.0,68,85
2019-08-20,319,"CHICAGO OHARE INTERNATIONAL AIRPORT, IL US",3.8,74,0.0,0.35,1.0,0.0,68,76
2019-08-21,252,"CHICAGO OHARE INTERNATIONAL AIRPORT, IL US",6.26,73,0.0,0.02,1.0,0.0,65,83
2019-08-22,296,"CHICAGO OHARE INTERNATIONAL AIRPORT, IL US",10.51,71,0.0,0.0,0.0,0.0,64,76
2019-08-23,352,"CHICAGO OHARE INTERNATIONAL AIRPORT, IL US",10.29,68,0.0,0.0,0.0,0.0,58,74
2019-08-24,364,"CHICAGO OHARE INTERNATIONAL AIRPORT, IL US",8.05,67,0.0,0.0,0.0,0.0,60,75
2019-08-25,267,"CHICAGO OHARE INTERNATIONAL AIRPORT, IL US",10.29,69,0.0,0.0,0.0,0.0,61,78
2019-08-26,368,"CHICAGO OHARE INTERNATIONAL AIRPORT, IL US",9.62,70,0.0,1.4,1.0,0.0,64,76
2019-08-27,285,"CHICAGO OHARE INTERNATIONAL AIRPORT, IL US",9.84,72,0.0,0.0,0.0,0.0,65,79
2019-08-28,290,"CHICAGO OHARE INTERNATIONAL AIRPORT, IL US",11.63,68,0.0,0.0,0.0,0.0,59,75
2019-08-29,359,"CHICAGO OHARE INTERNATIONAL AIRPORT, IL US",12.75,70,0.0,0.0,0.0,0.0,58,84
2019-08-30,325,"CHICAGO OHARE INTERNATIONAL AIRPORT, IL US",5.82,70,0.0,0.0,0.0,0.0,59,74
2019-08-31,287,"CHICAGO OHARE INTERNATIONAL AIRPORT, IL US",9.4,67,0.0,0.11,0.0,0.0,61,75
2019-09-01,297,"CHICAGO OHARE INTERNATIONAL AIRPORT, IL US",4.47,67,0.0,0.34,0.0,0.0,62,73
2019-09-02,227,"CHICAGO OHARE INTERNATIONAL AIRPORT, IL US",6.49,70,0.0,0.0,0.0,0.0,61,82
2019-09-03,385,"CHICAGO OHARE INTERNATIONAL AIRPORT, IL US",12.3,72,0.0,0.22,1.0,0.0,67,80
2019-09-04,332,"CHICAGO OHARE INTERNATIONAL AIRPORT, IL US",8.95,68,0.0,0.0,0.0,0.0,59,69
2019-09-05,338,"CHICAGO OHARE INTERNATIONAL AIRPORT, IL US",4.92,64,0.0,0.0,0.0,0.0,56,74
2019-09-06,329,"CHICAGO OHARE INTERNATIONAL AIRPORT, IL US",11.18,67,0.0,0.0,0.0,0.0,61,72
2019-09-07,313,"CHICAGO OHARE INTERNATIONAL AIRPORT, IL US",8.28,66,0.0,0.0,0.0,0.0,56,78
2019-09-08,249,"CHICAGO OHARE INTERNATIONAL AIRPORT, IL US",8.28,65,0.0,0.03,0.0,0.0,62,66
2019-09-09,324,"CHICAGO OHARE INTERNATIONAL AIRPORT, IL US",7.61,67,0.0,0.02,0.0,0.0,62,76
2019-09-10,302,"CHICAGO OHARE INTERNATIONAL AIRPORT, IL US",9.4,78,0.0,0.0,0.0,0.0,71,90
2019-09-11,323,"CHICAGO OHARE INTERNATIONAL AIRPORT, IL US",9.17,80,0.0,0.19,1.0,0.0,68,89
2019-09-12,372,"CHICAGO OHARE INTERNATIONAL AIRPORT, IL US",8.05,72,0.0,0.28,1.0,0.0,63,78
2019-09-13,411,"CHICAGO OHARE INTERNATIONAL AIRPORT, IL US",11.86,73,0.0,1.35,1.0,0.0,62,77
2019-09-14,321,"CHICAGO OHARE INTERNATIONAL AIRPORT, IL US",7.61,67,0.0,0.06,1.0,0.0,56,80
2019-09-15,283,"CHICAGO OHARE INTERNATIONAL AIRPORT, IL US",8.05,71,0.0,0.43,1.0,0.0,63,78
2019-09-16,325,"CHICAGO OHARE INTERNATIONAL AIRPORT, IL US",7.83,71,0.0,0.0,0.0,1.0,64,74
2019-09-17,273,"CHICAGO OHARE INTERNATIONAL AIRPORT, IL US",6.04,69,0.0,0.0,0.0,0.0,65,78
2019-09-18,317,"CHICAGO OHARE INTERNATIONAL AIRPORT, IL US",7.38,71,0.0,0.0,0.0,0.0,62,82
2019-09-19,301,"CHICAGO OHARE INTERNATIONAL AIRPORT, IL US",5.59,72,0.0,0.01,0.0,0.0,63,83
2019-09-20,364,"CHICAGO OHARE INTERNATIONAL AIRPORT, IL US",3.8,74,0.0,0.0,0.0,0.0,68,84
2019-09-21,350,"CHICAGO OHARE INTERNATIONAL AIRPORT, IL US",12.08,75,0.0,0.17,0.0,0.0,71,78
2019-09-22,346,"CHICAGO OHARE INTERNATIONAL AIRPORT, IL US",10.07,72,0.0,1.47,0.0,0.0,66,77
2019-09-23,357,"CHICAGO OHARE INTERNATIONAL AIRPORT, IL US",8.95,67,0.0,0.0,0.0,0.0,59,74
2019-09-24,320,"CHICAGO OHARE INTERNATIONAL AIRPORT, IL US",12.08,67,0.0,0.0,0.0,0.0,58,79
2019-09-25,312,"CHICAGO OHARE INTERNATIONAL AIRPORT, IL US",12.75,70,0.0,0.0,0.0,0.0,62,79
2019-09-26,348,"CHICAGO OHARE INTERNATIONAL AIRPORT, IL US",8.95,65,0.0,0.0,0.0,0.0,56,72
2019-09-27,393,"CHICAGO OHARE INTERNATIONAL AIRPORT, IL US",10.51,63,0.0,2.28,1.0,0.0,58,69
2019-09-28,373,"CHICAGO OHARE INTERNATIONAL AIRPORT, IL US",13.65,61,0.0,0.19,1.0,0.0,53,66
2019-09-29,281,"CHICAGO OHARE INTERNATIONAL AIRPORT, IL US",7.61,61,0.0,0.57,0.0,0.0,60,66
2019-09-30,311,"CHICAGO OHARE INTERNATIONAL AIRPORT, IL US",8.72,71,0.0,0.0,0.0,0.0,63,85
2019-10-01,306,"CHICAGO OHARE INTERNATIONAL AIRPORT, IL US",10.07,79,0.0,0.0,0.0,0.0,68,86
2019-10-02,369,"CHICAGO OHARE INTERNATIONAL AIRPORT, IL US",10.51,66,0.0,1.76,1.0,0.0,57,68
2019-10-03,338,"CHICAGO OHARE INTERNATIONAL AIRPORT, IL US",10.29,61,0.0,0.57,1.0,0.0,49,67
2019-10-04,309,"CHICAGO OHARE INTERNATIONAL AIRPORT, IL US",10.96,52,0.0,0.0,0.0,0.0,45,58
2019-10-05,293,"CHICAGO OHARE INTERNATIONAL AIRPORT, IL US",9.4,55,0.0,0.27,0.0,0.0,48,63
2019-10-06,255,"CHICAGO OHARE INTERNATIONAL AIRPORT, IL US",9.62,59,0.0,0.0,0.0,0.0,49,67
2019-10-07,331,"CHICAGO OHARE INTERNATIONAL AIRPORT, IL US",7.38,59,0.0,0.0,0.0,0.0,48,69
2019-10-08,297,"CHICAGO OHARE INTERNATIONAL AIRPORT, IL US",4.25,57,0.0,0.0,0.0,1.0,46,70
2019-10-09,329,"CHICAGO OHARE INTERNATIONAL AIRPORT, IL US",7.83,60,0.0,0.0,0.0,0.0,50,70
2019-10-10,354,"CHICAGO OHARE INTERNATIONAL AIRPORT, IL US",8.72,62,0.0,0.19,0.0,0.0,54,70
2019-10-11,439,"CHICAGO OHARE INTERNATIONAL AIRPORT, IL US",12.3,60,0.0,0.59,1.0,0.0,39,67
2019-10-12,322,"CHICAGO OHARE INTERNATIONAL AIRPORT, IL US",13.87,43,0.0,0.0,0.0,1.0,35,54
2019-10-13,262,"CHICAGO OHARE INTERNATIONAL AIRPORT, IL US",10.51,45,0.0,0.0,0.0,0.0,37,52
2019-10-14,266,"CHICAGO OHARE INTERNATIONAL AIRPORT, IL US",6.93,45,0.0,0.0,0.0,0.0,37,54
2019-10-15,311,"CHICAGO OHARE INTERNATIONAL AIRPORT, IL US",10.51,50,0.0,0.0,0.0,0.0,41,62
2019-10-16,262,"CHICAGO OHARE INTERNATIONAL AIRPORT, IL US",14.09,49,0.0,0.0,0.0,0.0,41,52
2019-10-17,288,"CHICAGO OHARE INTERNATIONAL AIRPORT, IL US",5.59,46,0.0,0.0,0.0,0.0,40,54
2019-10-18,321,"CHICAGO OHARE INTERNATIONAL AIRPORT, IL US",6.93,47,0.0,0.0,0.0,0.0,38,59
2019-10-19,309,"CHICAGO OHARE INTERNATIONAL AIRPORT, IL US",7.83,53,0.0,0.0,0.0,0.0,44,68
2019-10-20,255,"CHICAGO OHARE INTERNATIONAL AIRPORT, IL US",7.38,56,0.0,0.0,0.0,0.0,48,63
2019-10-21,321,"CHICAGO OHARE INTERNATIONAL AIRPORT, IL US",15.66,56,0.0,0.05,0.0,0.0,50,67
2019-10-22,289,"CHICAGO OHARE INTERNATIONAL AIRPORT, IL US",17.22,50,0.0,0.01,0.0,0.0,44,51
2019-10-23,317,"CHICAGO OHARE INTERNATIONAL AIRPORT, IL US",8.72,47,0.0,0.02,0.0,0.0,39,58
2019-10-24,269,"CHICAGO OHARE INTERNATIONAL AIRPORT, IL US",6.26,47,0.0,0.0,0.0,0.0,42,50
2019-10-25,314,"CHICAGO OHARE INTERNATIONAL AIRPORT, IL US",3.8,44,0.0,0.0,0.0,0.0,37,48
2019-10-26,429,"CHICAGO OHARE INTERNATIONAL AIRPORT, IL US",12.53,42,0.0,2.18,0.0,1.0,36,48
2019-10-27,320,"CHICAGO OHARE INTERNATIONAL AIRPORT, IL US",9.62,49,0.0,0.04,0.0,0.0,42,58
2019-10-28,271,"CHICAGO OHARE INTERNATIONAL AIRPORT, IL US",3.8,47,0.0,0.0,0.0,0.0,41,49
2019-10-29,271,"CHICAGO OHARE INTERNATIONAL AIRPORT, IL US",8.28,40,0.0,0.15,0.0,0.0,35,45
2019-10-30,422,"CHICAGO OHARE INTERNATIONAL AIRPORT, IL US",12.3,36,1.2,0.62,0.0,0.0,32,41
2019-10-31,452,"CHICAGO OHARE INTERNATIONAL AIRPORT, IL US",14.99,33,3.4,0.31,0.0,0.0,25,33
2019-11-01,391,"CHICAGO OHARE INTERNATIONAL AIRPORT, IL US",9.62,31,0.0,0.01,0.0,0.0,23,44
2019-11-02,305,"CHICAGO OHARE INTERNATIONAL AIRPORT, IL US",10.51,38,0.0,0.0,0.0,0.0,31,42
2019-11-03,274,"CHICAGO OHARE INTERNATIONAL AIRPORT, IL US",7.83,39,0.0,0.0,0.0,0.0,30,53
2019-11-04,299,"CHICAGO OHARE INTERNATIONAL AIRPORT, IL US",10.74,48,0.0,0.0,0.0,0.0,38,51
2019-11-05,310,"CHICAGO OHARE INTERNATIONAL AIRPORT, IL US",7.61,38,0.0,0.0,0.0,0.0,30,40
2019-11-06,298,"CHICAGO OHARE INTERNATIONAL AIRPORT, IL US",11.41,39,0.0,0.01,0.0,0.0,29,55
2019-11-07,316,"CHICAGO OHARE INTERNATIONAL AIRPORT, IL US",11.18,28,0.1,0.0,0.0,0.0,20,31
2019-11-08,331,"CHICAGO OHARE INTERNATIONAL AIRPORT, IL US",7.16,23,0.0,0.0,0.0,1.0,16,32
2019-11-09,259,"CHICAGO OHARE INTERNATIONAL AIRPORT, IL US",10.29,34,0.0,0.0,0.0,0.0,27,46
2019-11-10,236,"CHICAGO OHARE INTERNATIONAL AIRPORT, IL US",8.5,41,0.0,0.04,0.0,0.0,33,43
2019-11-11,375,"CHICAGO OHARE INTERNATIONAL AIRPORT, IL US",16.78,28,3.4,0.25,0.0,0.0,13,33
2019-11-12,549,"CHICAGO OHARE INTERNATIONAL AIRPORT, IL US",9.4,13,0.0,0.0,0.0,0.0,7,17
2019-11-13,400,"CHICAGO OHARE INTERNATIONAL AIRPORT, IL US",11.63,16,0.0,0.0,0.0,0.0,11,27
2019-11-14,326,"CHICAGO OHARE INTERNATIONAL AIRPORT, IL US",7.16,27,0.2,0.01,0.0,0.0,24,30
2019-11-15,396,"CHICAGO OHARE INTERNATIONAL AIRPORT, IL US",6.04,27,0.0,0.0,0.0,0.0,22,38
2019-11-16,324,"CHICAGO OHARE INTERNATIONAL AIRPORT, IL US",5.37,33,0.0,0.0,0.0,1.0,26,42
2019-11-17,248,"CHICAGO OHARE INTERNATIONAL AIRPORT, IL US",6.49,33,0.0,0.04,0.0,0.0,27,40
2019-11-18,304,"CHICAGO OHARE INTERNATIONAL AIRPORT, IL US",5.14,37,0.0,0.0,0.0,0.0,34,40
2019-11-19,373,"CHICAGO OHARE INTERNATIONAL AIRPORT, IL US",2.91,37,0.0,0.01,0.0,1.0,35,41
2019-11-20,306,"CHICAGO OHARE INTERNATIONAL AIRPORT, IL US",6.49,41,0.0,0.0,0.0,1.0,38,47
2019-11-21,324,"CHICAGO OHARE INTERNATIONAL AIRPORT, IL US",14.76,47,0.0,0.51,0.0,0.0,37,54
2019-11-22,370,"CHICAGO OHARE INTERNATIONAL AIRPORT, IL US",6.71,36,0.0,0.0,0.0,0.0,28,38
2019-11-23,304,"CHICAGO OHARE INTERNATIONAL AIRPORT, IL US",6.26,31,0.0,0.0,0.0,0.0,24,40
2019-11-24,228,"CHICAGO OHARE INTERNATIONAL AIRPORT, IL US",9.4,38,0.0,0.0,0.0,0.0,32,50
2019-11-25,307,"CHICAGO OHARE INTERNATIONAL AIRPORT, IL US",7.16,44,0.0,0.0,0.0,0.0,37,53
2019-11-26,361,"CHICAGO OHARE INTERNATIONAL AIRPORT, IL US",7.61,41,0.0,0.37,1.0,0.0,32,50
2019-11-27,343,"CHICAGO OHARE INTERNATIONAL AIRPORT, IL US",21.03,44,0.0,0.25,0.0,0.0,33,55
2019-11-28,191,"CHICAGO OHARE INTERNATIONAL AIRPORT, IL US",8.28,34,0.0,0.0,0.0,0.0,31,37
2019-11-29,195,"CHICAGO OHARE INTERNATIONAL AIRPORT, IL US",6.49,36,0.0,0.0,0.0,0.0,33,40
2019-11-30,342,"CHICAGO OHARE INTERNATIONAL AIRPORT, IL US",13.2,37,0.0,0.37,1.0,0.0,36,40
2019-12-01,276,"CHICAGO OHARE INTERNATIONAL AIRPORT, IL US",10.07,39,0.1,0.11,0.0,0.0,31,41
2019-12-02,261,"CHICAGO OHARE INTERNATIONAL AIRPORT, IL US",10.29,32,0.0,0.0,0.0,0.0,29,35
2019-12-03,277,"CHICAGO OHARE INTERNATIONAL AIRPORT, IL US",11.86,32,0.0,0.0,0.0,0.0,29,40
2019-12-04,306,"CHICAGO OHARE INTERNATIONAL AIRPORT, IL US",12.08,37,0.0,0.0,0.0,0.0,31,43
2019-12-05,336,"CHICAGO OHARE INTERNATIONAL AIRPORT, IL US",6.71,36,0.0,0.0,0.0,0.0,27,45
2019-12-06,301,"CHICAGO OHARE INTERNATIONAL AIRPORT, IL US",9.84,38,0.0,0.0,0.0,0.0,27,42
2019-12-07,306,"CHICAGO OHARE INTERNATIONAL AIRPORT, IL US",8.28,31,0.0,0.0,0.0,0.0,25,37
2019-12-08,219,"CHICAGO OHARE INTERNATIONAL AIRPORT, IL US",10.29,38,0.0,0.0,0.0,1.0,34,47
2019-12-09,346,"CHICAGO OHARE INTERNATIONAL AIRPORT, IL US",12.97,46,0.0,0.05,0.0,0.0,24,47
2019-12-10,303,"CHICAGO OHARE INTERNATIONAL AIRPORT, IL US",11.86,22,0.0,0.0,0.0,0.0,14,24
2019-12-11,324,"CHICAGO OHARE INTERNATIONAL AIRPORT, IL US",7.38,18,0.1,0.0,0.0,0.0,13,24
2019-12-12,356,"CHICAGO OHARE INTERNATIONAL AIRPORT, IL US",12.3,28,0.0,0.0,0.0,0.0,19,45
2019-12-13,355,"CHICAGO OHARE INTERNATIONAL AIRPORT, IL US",4.92,40,0.0,0.0,0.0,0.0,34,45
2019-12-14,310,"CHICAGO OHARE INTERNATIONAL AIRPORT, IL US",9.4,33,0.0,0.0,0.0,0.0,24,35
2019-12-15,266,"CHICAGO OHARE INTERNATIONAL AIRPORT, IL US",6.04,24,0.0,0.0,0.0,0.0,19,26
2019-12-16,324,"CHICAGO OHARE INTERNATIONAL AIRPORT, IL US",6.71,26,0.3,0.01,0.0,0.0,24,30
2019-12-17,376,"CHICAGO OHARE INTERNATIONAL AIRPORT, IL US",10.74,25,0.0,0.0,0.0,1.0,19,29
2019-12-18,323,"CHICAGO OHARE INTERNATIONAL AIRPORT, IL US",8.72,20,0.0,0.0,0.0,0.0,10,27
2019-12-19,352,"CHICAGO OHARE INTERNATIONAL AIRPORT, IL US",8.5,23,0.0,0.0,0.0,0.0,15,35
2019-12-20,398,"CHICAGO OHARE INTERNATIONAL AIRPORT, IL US",5.59,30,0.0,0.0,0.0,1.0,23,41
2019-12-21,333,"CHICAGO OHARE INTERNATIONAL AIRPORT, IL US",7.61,38,0.0,0.0,0.0,0.0,32,47
2019-12-22,314,"CHICAGO OHARE INTERNATIONAL AIRPORT, IL US",10.07,40,0.0,0.0,0.0,0.0,33,52
2019-12-23,316,"CHICAGO OHARE INTERNATIONAL AIRPORT, IL US",7.61,42,0.0,0.0,0.0,0.0,33,52
2019-12-24,290,"CHICAGO OHARE INTERNATIONAL AIRPORT, IL US",8.05,40,0.0,0.0,0.0,1.0,30,55
2019-12-25,165,"CHICAGO OHARE INTERNATIONAL AIRPORT, IL US",8.72,47,0.0,0.0,0.0,0.0,37,57
2019-12-26,239,"CHICAGO OHARE INTERNATIONAL AIRPORT, IL US",11.18,56,0.0,0.0,0.0,0.0,37,61
2019-12-27,240,"CHICAGO OHARE INTERNATIONAL AIRPORT, IL US",7.16,37,0.0,0.0,0.0,0.0,28,37
2019-12-28,278,"CHICAGO OHARE INTERNATIONAL AIRPORT, IL US",6.93,34,0.0,0.28,1.0,1.0,27,48
2019-12-29,246,"CHICAGO OHARE INTERNATIONAL AIRPORT, IL US",10.96,52,0.0,0.93,0.0,0.0,47,57
2019-12-30,303,"CHICAGO OHARE INTERNATIONAL AIRPORT, IL US",17.67,38,0.7,0.09,0.0,0.0,27,47
2019-12-31,325,"CHICAGO OHARE INTERNATIONAL AIRPORT, IL US",14.54,26,0.8,0.08,0.0,0.0,24,28
